40178193,-2.5710535,-5.6785913,5.640271
40178203,-2.5518932,-6.2653713,5.6318884
40178213,-2.499203,-7.147936,5.598358
40178314,-2.090852,-7.8149486,4.4343786
40178324,-1.7986597,-7.9107494,4.766089
40178334,-1.8070422,-7.6796303,4.687053
40178344,-1.8453625,-7.4401283,4.860692
40178354,-1.607058,-6.9096313,4.3373804
40178364,-1.660946,-6.971902,3.7841308
40178374,-1.7315991,-7.68442,3.4081128
40178384,-1.5160474,-8.29515,2.696792
40178394,-1.4418018,-8.868757,1.7411792
40178404,-1.2885205,-9.970467,1.6992663
40178414,-1.4849122,-10.721305,2.0369642
40178424,-1.2585827,-11.049422,2.7399023
40178434,-1.4346167,-11.536809,3.166216
40178444,-1.3088782,-11.231444,3.4715807
40178454,-1.1843371,-10.138118,2.0704944
40178464,-0.46223876,-8.931027,-0.3568579
40178475,0.19998413,-7.989785,-2.0441492
40178485,0.82867676,-8.244855,-2.6464965
40178495,0.4921765,-12.109219,-2.330354
40178505,-1.9160156,-14.257551,-0.1951941
40178515,-0.8418494,-12.017011,0.5125342
40178525,-0.7496411,-9.241183,-0.27901977
40178535,-1.1064991,-6.2653713,1.3112732
40178545,-2.4920177,-7.113208,3.197351
40178555,-3.906277,-9.871073,5.533693
40178565,-4.8103967,-11.836186,5.54926
40178575,-4.5613146,-11.666141,4.877457
40178585,-2.9770093,-9.769284,2.7375073
40178595,-1.4394068,-7.9646373,0.16765137
40178605,-0.8490344,-7.8173437,-1.8022522
40178615,-1.0178833,-8.267608,-2.8716285
40178625,-1.7208215,-8.898695,-3.3554223
40178635,-2.5207582,-8.82445,-1.8405725
40178645,-2.1267774,-7.2640944,-1.404679
40178655,-0.70293826,-6.485713,-3.9517822
40178666,-0.96399534,-7.0868626,-3.6655774
40178676,-1.233435,-7.7538757,-2.943479
40178686,-1.5615528,-6.6138463,-2.9686267
40178696,-2.4560926,-6.565946,-4.6343627
40178706,-3.4823585,-7.763456,-8.577763
40178716,-3.0644274,-9.069939,-10.197993
40178726,-2.9111462,-9.721384,-9.655521
40178736,-3.1554382,-9.539363,-9.629176
40178746,-3.812871,-8.155042,-10.893746
40178756,-4.518204,-8.116721,-11.44939
40178766,-3.4081128,-9.575288,-9.677076
40178776,-3.7122803,-13.260026,-7.1443434
40178786,-3.3769774,-12.347523,-6.8401756
40178796,-2.8009753,-8.454419,-8.929831
40178806,-2.682422,-6.547983,-10.775193
40178816,-2.6009912,-7.0245924,-10.526111
40178826,-2.3531067,-7.6077795,-9.1130495
40178836,-1.7639319,-8.056846,-6.0713744
40178846,-1.1208692,-8.396938,-2.5878186
40178856,-1.526825,-7.7694435,0.12573853
40178867,-1.8441651,-2.826123,-5.142107
40178877,-1.1759546,-2.1782703,-8.758587
40178887,0.52570677,-6.570736,-6.422245
40178897,0.96160036,-7.7933936,-0.69575316
40178907,0.40236327,-7.2102065,1.2801379
40178917,0.2814148,-8.399334,2.3076012
40178927,0.47062135,-10.978769,2.6908045
40178937,1.4034815,-10.437495,2.9027636
40178947,2.0621119,-8.504714,1.3364209
40178957,0.96160036,-4.701423,1.9471508
40178967,0.18202148,-3.735033,2.743495
40178977,0.15088624,-6.0809546,3.478766
40178987,-0.54606444,-8.946595,1.8453625
40178997,-0.23710693,-6.659352,0.92687255
40179007,1.4837146,-5.5732102,0.15687378
40179017,1.3028907,-7.9107494,0.29578492
40179027,-0.085023195,-10.438693,-0.7759863
40179037,-1.9136206,-9.954899,-0.3939807
40179047,-2.6860144,-10.336905,-1.6262183
40179058,-1.6034656,-12.015813,-1.8142273
40179068,0.9460327,-12.408596,-4.905
40179078,0.7927515,-10.978769,-7.4101906
40179088,0.4155359,-8.378976,-9.812395
40179098,-2.227368,-10.369237,-8.689131
40179108,-3.869154,-13.428875,-5.9444385
40179118,-4.934938,-15.126944,-6.2426186
40179128,-5.045109,-13.688734,-7.867639
40179138,-3.4943335,-11.8637295,-8.547825
40179148,-1.9926562,-13.491145,-9.398057
40179158,-1.5711328,-13.562996,-6.9898643
40179168,-2.1279747,-11.292517,-6.3599744
40179178,-2.2129982,-8.774154,-5.955216
40179188,-1.7902771,-8.292755,-3.6452198
40179198,-0.46223876,-8.995693,-0.83945435
40179208,0.31015503,-9.681867,-1.5388
40179218,-0.791554,-8.155042,-5.4115467
40179228,-0.27542725,-5.3133507,-8.790919
40179246,0.5903723,-6.2809386,-7.931107
40179256,0.9424402,-2.6057813,-0.5736072
40179267,-0.17603393,-4.7349534,3.5338514
40179277,-1.0095007,-8.346643,7.1383557
40179287,-0.35326537,-8.26641,8.116721
40179297,1.2298425,-6.053412,6.7288074
40179307,1.8561401,-4.8918276,6.873706
40179317,1.8238074,-6.119275,5.886958
40179327,0.31734008,-8.264015,3.502716
40179337,-1.1100916,-5.146897,2.5099804
40179347,-0.94842774,-3.935017,2.450105
40179357,-0.8454419,-8.370593,3.9050794
40179367,-0.58198977,-11.567945,4.24637
40179377,-0.3161426,-13.578564,1.8178198
40179387,-0.0071850587,-13.721066,0.4155359
40179397,0.60833496,-12.546309,-0.23471192
40179407,0.8214917,-10.730885,0.04430786
40179417,0.36284545,-9.982441,-0.7244934
40179427,-0.18920654,-10.330916,-1.2837305
40179437,0.429906,-10.753637,-0.35087037
40179447,0.75562865,-10.115365,-1.9974463
40179458,-1.2609777,-8.691525,-3.3039293
40179468,-2.4010072,-8.146659,-4.9217653
40179478,-3.497926,-11.270962,-6.558761
40179488,-3.869154,-12.639715,-9.342971
40179498,-2.809358,-13.630056,-13.004956
40179508,-1.959126,-14.046789,-12.3068075
40179518,-1.8944604,-14.470708,-8.632848
40179528,-3.2272887,-15.404766,-4.87626
40179539,-3.485951,-15.456259,-2.339934
40179549,-2.8728259,-13.865966,-2.638114
40179559,-2.074087,-12.735517,-3.4847534
40179569,-0.19878662,-11.643388,-3.4679883
40179579,0.549657,-7.6425076,1.0921289
40179589,0.7807764,-9.758507,1.3759388
40179599,-0.3580554,-8.135881,-2.9398866
40179609,1.5447876,-2.7279272,-4.940925
40179619,2.753075,-3.5039136,3.1757958
40179629,0.59635985,-6.803053,12.347523
40179639,0.7137158,-2.706372,13.24326
40179649,0.859812,0.39757323,9.987231
40179659,0.98674804,-1.0382409,10.850636
40179669,1.9806812,-4.695436,9.698631
40179679,-1.1184741,-6.3994923,8.626861
40179690,-2.386637,-6.1396327,8.413704
40179700,-1.2513977,-6.1348424,5.732479
40179710,0.08861572,-7.0689,3.7062926
40179720,0.8262817,-7.5838294,1.6238233
40179730,1.2106824,-7.2365513,-0.17363891
40179740,0.23830444,-7.6377172,-0.7723938
40179750,-0.19878662,-7.67484,-2.086062
40179760,0.9963281,-8.715476,-2.2812562
40179770,1.6310083,-11.268567,-0.24548951
40179780,1.2669654,-10.553654,-2.3614893
40179790,-1.1316468,-11.299702,-1.653761
40179800,-3.2284863,-13.057647,-2.9782069
40179810,-4.1805067,-13.667179,-2.9255164
40179820,-3.4596057,-13.401332,-3.239264
40179830,-2.0537293,-12.347523,-3.5901344
40179840,-1.0190808,-11.503279,-3.0859826
40179850,-0.979563,-10.048305,-4.02962
40179860,-1.463357,-9.055569,-5.1121693
40179871,-1.9327807,-8.590935,-6.7503624
40179881,-1.2106824,-9.22801,-7.2485266
40179891,0.4071533,-9.382489,-7.5287437
40179901,0.57480466,-10.177635,-7.4688683
40179911,-0.23590942,-11.530822,-6.234236
40179925,-0.6478528,-12.55589,-5.221143
40179935,-0.8418494,-11.686498,-5.046306
40179945,-0.68377805,-9.263935,-6.9060388
40179955,1.648971,-6.8629284,-4.8103967
40179965,0.54606444,-6.284531,2.393822
40179975,-0.556842,-8.596923,-0.21794678
40179985,-2.4273522,-7.0461473,-3.7218604
40179995,-0.23710693,-3.1063404,-5.692961
40180005,1.8046472,-3.145858,-9.831555
40180015,1.6369958,-5.5528526,-7.453301
40180025,1.5723304,-10.285412,-7.7981834
40180035,3.075205,-11.884087,-6.314469
40180046,3.5721717,-12.85886,-6.205496
40180056,4.212839,-10.110575,-3.129093
40180066,3.1686108,-7.8963795,-2.654879
40180076,2.0142114,-8.4520235,-0.24548951
40180086,1.5651453,-10.397977,-0.34847534
40180096,2.4010072,-9.75252,-4.0823107
40180106,2.3674767,-9.941726,-7.2569094
40180116,2.6812243,-9.230405,-8.230485
40180126,1.717229,-7.5047936,-8.88193
40180136,0.19878662,-5.2247353,-9.744137
40180146,-1.0538086,-4.685856,-8.927435
40180156,-1.7495618,-4.2248144,-7.282057
40180166,-1.3088782,-4.1002736,-8.235274
40180176,-0.122145995,-4.733756,-7.8329115
40180186,1.0801538,-5.051096,-6.964717
40180196,2.13516,-5.364844,-6.13604
40180206,1.5783179,-7.5179663,-5.031936
40180216,0.8262817,-8.82445,-4.085903
40180226,1.0693762,-8.8484,-3.1614258
40180236,1.2466077,-8.126301,-2.638114
40180247,0.1963916,-8.017328,-1.9950513
40180257,-0.64186525,-9.491463,-1.5914905
40180267,-0.6813831,-10.720107,-2.633324
40180277,-0.4921765,-8.984916,-3.542234
40180287,0.60234743,-10.648257,-5.0103807
40180297,0.92208254,-12.821737,-4.4595265
40180307,0.4406836,-15.511344,-4.5792775
40180317,-0.07903565,-11.71883,-4.069138
40180327,-1.5878979,-7.2832546,-4.567302
40180337,-1.2633728,-7.225774,-8.425678
40180347,-0.6047424,-7.835306,-6.5156507
40180357,0.41673338,-8.224497,-3.9901025
40180367,1.0142908,-9.778865,-3.145858
40180377,1.3867164,-10.814711,-0.0742456
40180387,1.3759388,-12.093651,0.19279908
40180397,0.22632934,-12.850477,-0.3568579
40180407,0.70293826,-11.0123,1.0681787
40180417,0.8346643,-10.856624,-2.4956102
40180428,1.2777429,-10.601554,-5.1109715
40180438,2.283651,-10.807526,-4.176914
40180448,3.8703516,-10.751243,-2.9650342
40180458,4.7529163,-10.552456,-0.80233157
40180468,3.514691,-7.5682616,-1.2358301
40180478,0.47660887,-5.767207,-2.5123756
40180488,0.9891431,-5.1756372,-4.4415636
40180498,0.86579955,-6.0498195,-4.548142
40180508,0.68497556,-7.010222,-4.740941
40180518,-0.026345216,-6.397097,-3.8404138
40180528,0.7831714,-5.9192905,-2.4465125
40180538,1.9639161,-5.8737855,-1.4681469
40180548,2.039359,-6.3551846,-1.5615528
40180558,1.7651294,-6.1180773,-3.8475988
40180568,1.0202783,-6.312074,-5.283413
40180578,0.5891748,-8.327483,-5.591173
40180588,2.7410998,-9.335786,-4.4427614
40180598,3.8487964,-9.353748,-4.460724
40180608,4.140989,-7.5347314,-6.301296
40180619,3.3949401,-7.1994286,-8.866363
40180629,3.1278956,-7.6796303,-8.826844
40180639,3.6476147,-9.016051,-8.018525
40180649,4.0583606,-10.314152,-7.702383
40180659,3.7517982,-15.143708,-9.410031
40180669,3.3745825,-12.959451,-3.5901344
40180679,2.802173,-8.035291,-0.7747888
40180689,0.3676355,-4.1565566,-1.6142431
40180699,-0.44427612,-3.0692174,-1.7914746
40180709,0.90531737,-3.749403,-2.0285816
40180719,2.887196,-4.6547203,-1.9267932
40180729,3.6967127,-6.5671434,-2.0585194
40180739,2.518363,-8.82924,-2.6213489
40180749,1.6813037,-9.055569,-0.47301635
40180759,0.4921765,-7.97302,0.53648436
40180769,0.28740233,-6.758745,0.27782226
40180779,-0.183219,-6.212681,-0.5017566
40180789,-1.1915222,-7.34313,-1.1316468
40180800,-0.66940796,-8.171806,-0.2586621
40180810,-0.49696654,-8.655601,1.355581
40180820,-0.62031007,-9.599238,2.7913952
40180830,0.17603393,-10.554852,1.8764977
40180840,0.25387207,-10.227931,0.7855664
40180850,-0.05867798,-9.255553,2.8716285
40180860,1.2430152,-8.986114,4.3840833
40180870,1.4825171,-10.619516,4.364923
40180880,0.21435425,-10.6817875,2.75547
40180890,1.1843371,-9.587263,2.701582
40180900,0.9903406,-12.29603,5.7540345
40180910,-0.11975098,-12.880415,6.476133
40180920,-0.59516233,-8.802895,6.1767554
40180930,1.1448194,-5.870193,6.829398
40180940,3.2332764,-6.3959,7.0245924
40180950,0.9963281,-11.153606,7.4389305
40180960,-0.48499146,-11.412268,7.0557275
40180970,0.4790039,-7.941885,4.980443
40180981,0.81550413,-5.3193383,4.331393
40180991,-1.2034973,-5.364844,5.749244
40181001,-0.87777466,-4.675078,6.4988856
40181011,-0.0119750975,-3.270399,8.035291
40181021,-0.6167175,-5.8833656,7.961045
40181031,-0.11855347,-8.116721,9.388476
40181041,0.61552,-6.12646,8.195757
40181051,-0.017962646,-5.2343154,8.422086
40181061,-0.124541014,-4.4499464,7.9694276
40181071,-0.7137158,-6.575526,7.828121
40181081,-0.70174074,-7.5670643,8.249645
40181091,-0.37601808,-6.932384,7.683223
40181101,-0.8861572,-6.7288074,7.601792
40181111,-0.49696654,-6.7551527,6.9204087
40181121,-0.1101709,-6.388715,6.170768
40181131,-0.20118164,-6.4186525,5.548063
40181141,-0.39757323,-6.051017,5.931266
40181151,-0.05508545,-4.926555,6.7671275
40181162,-0.7244934,-5.78038,7.545509
40181172,-0.91489744,-7.820936,8.283175
40181182,-0.5867798,-8.437654,7.5514965
40181192,-0.0371228,-9.012459,6.4078746
40181202,0.3939807,-9.750125,4.939728
40181212,0.18202148,-10.684182,3.9481897
40181222,0.081430666,-10.433903,3.4404457
40181232,0.671803,-8.388556,2.4848328
40181242,1.1520044,-7.771838,2.6716442
40181252,1.2741504,-9.230405,3.5769618
40181262,0.9735754,-10.429112,2.9794042
40181272,0.49337402,-10.346484,1.6968713
40181282,-0.4538562,-10.316546,0.7089258
40181292,-0.66342044,-10.084229,0.26824218
40181302,-0.39877075,-9.944121,0.22992188
40181312,0.40595582,-9.237591,-0.17124389
40181322,0.90411985,-9.43518,-1.6190332
40181332,0.8634045,-10.277029,-2.0776794
40181343,0.3820056,-10.782378,-2.5890162
40181353,-0.85502195,-11.025473,-1.4897021
40181363,-1.1747571,-10.726095,-1.5244299
40181373,-0.9891431,-9.575288,-2.1016297
40181383,0.05269043,-7.4736586,-3.1039453
40181393,0.9460327,-4.9133825,-4.5637097
40181403,1.4034815,-3.5458264,-7.4712634
40181413,1.7160316,-4.4152184,-6.2258534
40181423,0.7723938,-8.630453,-4.997208
40181433,-0.034727782,-10.110575,-4.350553
40181443,0.54606444,-7.34792,-5.8498354
40181453,1.2741504,-5.6654186,-6.4940953
40181463,0.55324954,-5.645061,-6.509663
40181473,1.0657837,-5.6342835,-6.629414
40181483,1.8250049,-6.452183,-7.317982
40181493,2.2201831,-7.0329747,-6.653364
40181503,2.823728,-7.2066135,-5.6977515
40181513,3.4727783,-9.383686,-4.1397915
40181523,3.7793407,-10.438693,-4.0679407
40181534,4.0894957,-11.03625,-3.2260914
40181544,4.162544,-10.863809,-1.8741028
40181554,3.624862,-9.542955,-2.1806653
40181564,3.138673,-8.286768,-3.6799476
40181574,2.6692493,-7.508386,-5.0008006
40181584,2.577041,-6.5192432,-6.763535
40181594,2.3004162,-5.1385145,-7.828121
40181604,1.5663428,-4.3206153,-8.274793
40181614,0.19160156,-5.483397,-7.452103
40181624,-0.429906,-6.5575633,-6.5527735
40181634,-0.12573853,-6.5551686,-5.812712
40181644,0.9915381,-5.9037232,-5.706134
40181654,1.099314,-6.1061025,-4.4511437
40181664,0.24668701,-7.1682935,-3.5434313
40181674,-0.09580078,-8.448431,-3.5015185
40181698,1.0801538,-9.389674,-3.974535
40181708,1.7866845,-10.321337,-3.6380346
40181718,0.92687255,-10.2949915,-3.133883
40181728,-0.3293152,-9.504635,-2.982997
40181738,-0.87657714,-9.662706,-2.6033862
40181748,-0.7496411,-10.433903,-2.8045678
40181758,-0.5760022,-10.183623,-3.3769774
40181768,-0.79394895,-9.508227,-3.8954992
40181778,-1.2466077,-9.73815,-3.453618
40181788,-1.1603869,-10.648257,-2.9159362
40181798,-1.0286609,-11.29132,-3.5649865
40181808,-0.15687378,-11.54639,-4.958888
40181818,0.42391846,-10.014774,-3.002157
40181828,-0.3197351,-9.534573,-5.1037865
40181838,0.16166382,-8.402926,-2.1830604
40181848,1.6597486,-8.879535,-0.14968872
40181858,1.2382251,-10.15129,-0.91609496
40181868,0.48020142,-10.171648,-0.16286133
40181879,0.98674804,-9.954899,-1.3579761
40181889,0.30177248,-11.855347,-2.4608827
40181899,0.086220704,-13.8013,-2.7973828
40181909,1.6477734,-14.74853,-1.4908997
40181919,1.7818946,-15.492184,-1.5112573
40181929,2.5411158,-14.230008,-0.7137158
40181939,2.6740394,-9.423204,-0.8370593
40181949,2.9746141,-5.125342,-1.096919
40181959,2.046544,-5.2654505,-0.2694397
40181969,0.5712122,-7.2724767,2.2441332
40181979,0.81670165,-7.1191955,5.1121693
40181989,-0.25147706,-8.55022,4.925358
40181999,0.8861572,-8.301138,7.298822
40182009,0.0371228,-7.3754625,6.8138304
40182019,-1.4861096,-6.3156667,4.4487486
40182029,-0.671803,-5.6366787,3.4835558
40182039,1.228645,-4.702621,3.4356556
40182049,1.2106824,-4.848717,2.9782069
40182059,0.25506958,-5.447472,1.8573376
40182070,0.26345214,-6.565946,0.6514453
40182080,-0.18800904,-7.282057,1.1376343
40182090,-1.0202783,-9.728569,0.5400769
40182100,-0.07065307,-10.613529,3.2608192
40182110,0.13292359,-10.886561,5.157675
40182120,-0.5724097,-10.611134,5.9133034
40182130,-0.26105714,-8.904682,7.2652917
40182140,-0.859812,-6.9683094,6.3815293
40182150,0.51971924,-5.3049684,5.8318725
40182160,2.701582,-5.0187635,6.1252623
40182170,2.5387206,-5.597161,7.7814183
40182180,-0.30776,-7.764653,6.2977037
40182190,0.22632934,-6.6006737,6.72282
40182200,2.039359,-6.108497,6.1695704
40182210,-2.9243188,-8.132289,5.7767873
40182220,-2.1124072,-6.7324,6.3839245
40182230,1.5304174,-6.277346,7.7682457
40182240,-1.2705579,-6.787485,7.756271
40182250,0.18561402,-4.9529004,8.308323
40182261,0.50774413,-4.235592,7.8472815
40182271,-0.35206786,-4.2667274,7.4544983
40182285,-1.2454102,-3.3673975,6.9204087
40182295,-1.1184741,-4.0188427,6.201903
40182305,-0.38799316,-5.1205516,6.4473925
40182315,-0.8250842,-7.828121,7.2066135
40182325,-1.2681628,-8.481961,6.7120423
40182335,-0.74604857,-7.7586656,6.6629443
40182345,0.07544312,-5.8175025,5.5540504
40182355,-0.07783814,-5.8725877,5.024751
40182365,-1.0921289,-7.947872,5.749244
40182376,-0.77718383,-7.965835,6.7850904
40182386,-0.26824218,-7.716753,6.604266
40182396,-0.1353186,-8.468789,7.629335
40182406,-0.54247195,-9.255553,8.444839
40182416,0.31015503,-8.052055,8.393346
40182426,1.3448035,-7.3467226,8.859178
40182436,3.906277,-6.636599,9.250763
40182446,-0.10298584,-7.0174074,8.090376
40182456,0.062270507,-5.191205,7.276069
40182466,-2.4680676,-3.735033,7.0401597
40182476,-2.0130138,-3.5949242,6.5839086
40182486,-0.020357667,-5.4893847,8.098759
40182496,1.6836988,-6.803053,8.851993
40182506,0.1592688,-5.322931,7.0976405
40182516,-3.9781275,-6.189928,4.740941
40182526,-1.8537451,-5.1289344,6.7527575
40182536,-0.69216067,-4.9014072,6.8629284
40182546,-1.1160791,-6.1420274,6.4306273
40182556,-1.8585352,-7.5179663,6.222261
40182567,-1.9459534,-5.6833816,4.988826
40182577,-1.1951147,-6.929989,6.13604
40182587,-0.81310916,-6.980284,6.7144375
40182597,-1.4130615,-8.634046,8.372989
40182607,-0.5879773,-8.18977,7.8424916
40182617,0.3221301,-7.8544664,8.467591
40182627,-0.803529,-8.156239,7.555089
40182637,-0.7688013,-7.829319,7.482041
40182647,-0.26824218,-7.2784643,7.3215747
40182657,1.1076965,-7.331155,7.181466
40182667,1.2777429,-7.5910144,8.28078
40182677,2.1076171,-8.722661,7.8377013
40182687,0.51971924,-6.3671594,8.727451
40182697,-4.071533,-4.164939,6.4725404
40182707,-3.2835717,-4.6966333,4.4738965
40182717,2.0046313,-1.8812878,7.0880604
40182727,-2.086062,-5.649851,5.884563
40182737,-0.68497556,-7.3143897,6.314469
40182747,-0.70533323,-5.2977834,7.5682616
40182758,-4.160149,-6.060597,5.886958
40182768,-2.4321423,-5.173242,6.3611717
40182778,-1.5447876,-5.2247353,7.218589
40182788,-1.7232165,-7.149133,6.339617
40182798,-2.997367,-7.8640466,4.757706
40182808,-3.265609,-8.293953,4.925358
40182818,-1.3388159,-7.6556797,6.157595
40182828,-0.9304651,-7.557484,7.7107654
40182838,-1.3891113,-8.552615,7.7514806
40182848,0.74006104,-8.331076,7.6029897
40182858,-0.26464966,-7.2724767,8.367001
40182868,-0.30895752,-7.3215747,6.8976564
40182878,-0.864602,-6.8485584,7.3095994
40182888,0.57959473,-6.7551527,6.8569407
40182898,2.3830445,-7.5981994,6.9850745
40182908,2.3878345,-9.040001,7.8879967
40182918,1.959126,-7.05932,9.831555
40182928,-4.360133,-7.3754625,6.285729
40182938,-3.0787976,-3.5075061,6.4809227
40182949,-0.3556604,-4.8415318,5.621111
40182959,0.9927356,-5.0415163,7.7347155
40182969,-2.7375073,-6.8114357,6.45338
40182979,-0.6753955,-6.436615,6.7779055
40182989,-1.3196558,-4.5074267,6.4725404
40182999,-3.4631982,-6.060597,5.0654664
40183009,-2.430945,-6.1552,6.4869103
40183019,-1.477727,-5.5899754,7.0880604
40183029,-1.8992505,-6.5120583,6.1695704
40183039,-2.1459374,-8.004155,5.3708315
40183049,-2.0130138,-6.565946,5.597161
40183059,-0.15687378,-7.965835,6.671327
40183069,0.021555176,-8.332273,6.9204087
40183079,-0.7256909,-9.079519,8.190967
40183089,1.1520044,-7.865244,6.7324
40183099,0.58198977,-7.4221654,8.230485
40183109,-0.39877075,-8.231682,6.941964
40183119,-0.89334226,-8.008945,6.730005
40183129,0.3293152,-6.7324,6.0007215
40183140,1.5783179,-7.8592567,5.5636306
40183150,3.9457946,-7.8963795,5.9779687
40183160,4.061953,-9.417217,7.5670643
40183170,-4.078718,-10.242301,8.211325
40183180,-2.8369007,-8.660391,3.8475988
40183190,0.84424436,-4.6619053,5.3684363
40183200,-2.6620643,-5.4606447,5.0175657
40183210,-5.6749988,-7.812554,4.0739284
40183220,-1.4849122,-7.2102065,6.0270667
40183230,2.0381615,-6.085745,7.04495
40183240,-0.32332763,-7.9275146,4.9540977
40183250,-2.15432,-7.3131924,4.775669
40183260,-1.289718,-6.11688,4.135001
40183270,-1.1771522,-5.4510646,3.9733374
40183280,-0.8969348,-5.4043617,3.9517822
40183290,-0.31374756,-5.583988,3.9158568
40183300,-0.29099488,-6.5839086,3.810476
40183310,0.17363891,-7.4473133,3.0871801
40183320,0.35087037,-8.654403,2.645299
40183331,0.47062135,-9.778865,3.2572265
40183341,0.0,-8.933423,1.8010547
40183351,0.4263135,-8.478369,0.4538562
40183361,0.6753955,-9.642348,0.3221301
40183371,1.6884887,-9.734557,0.039517824
40183381,2.9746141,-9.763297,-1.2549902
40183391,3.3662,-11.249407,0.04550537
40183401,3.427273,-12.604988,1.353186
40183411,2.75547,-12.656481,2.1782703
40183421,1.108894,-12.682826,3.9505847
40183431,-0.15208374,-11.341615,3.7673657
40183441,-0.15567628,-8.970546,1.9387683
40183451,0.4921765,-6.973099,0.20477417
40183461,1.1472144,-6.229446,-0.26105714
40183471,1.7304016,-6.991062,-0.008382568
40183481,1.5399976,-10.268646,-0.3185376
40183491,0.017962646,-14.11864,-0.53289187
40183501,-0.9783655,-15.688576,0.09460327
40183512,-1.3280383,-12.640913,-0.9939331
40183522,-1.223855,-8.653206,0.33410522
40183532,-0.7640112,-7.100035,2.6884093
40183542,-0.7113208,-8.248447,5.259463
40183552,-0.87777466,-9.041199,7.6963954
40183562,-1.7387842,-7.4245605,8.523874
40183572,-2.208208,-7.714358,8.531059
40183582,-2.2249732,-10.490186,8.732242
40183592,-1.0130932,-11.047028,7.608977
40183602,-0.30895752,-9.740544,6.861731
40183612,-0.60833496,-7.6856174,5.17444
40183622,0.7089258,-4.798422,4.287085
40183632,2.3040087,-4.4224033,1.9531385
40183642,2.738705,-6.603069,2.689607
40183652,2.5195606,-13.052856,2.2525158
40183662,1.4920971,-16.094532,3.0692174
40183672,3.0081446,-11.96432,1.6022681
40183682,3.05365,-6.8018556,-0.14010864
40183693,1.4956897,-5.7588243,1.8130298
40183703,0.27901977,-7.2078114,5.144502
40183713,2.2608984,-6.7312026,6.485713
40183723,2.706372,-4.4786863,6.229446
40183733,1.959126,-2.1794677,6.082152
40183743,0.6143225,-2.8500733,6.934779
40183753,-1.0310559,-5.19839,7.571854
40183763,0.07903565,-3.766168,9.156159
40183773,-0.6598279,-4.2319994,18.912271
40183783,-1.5172448,-3.7709582,21.05342
40183793,-0.43828857,3.4919386,13.832436
40183803,-1.9220031,4.5229945,7.0748878
40183813,-2.3135889,0.17962646,6.42943
40183823,-1.8405725,-3.8212538,7.0509377
40183833,-0.63587767,-4.685856,7.5179663
40183843,-0.68497556,-5.762417,7.3215747
40183853,-1.1711645,-7.7993813,5.628296
40183863,-0.3544629,-9.065149,4.6547203
40183874,-0.3927832,-8.592133,3.509901
40183884,0.48858398,-8.337063,2.8644433
40183894,0.81310916,-11.609858,3.3326697
40183904,0.93765014,-12.819342,0.38440064
40183914,1.4525794,-14.129417,-1.4441968
40183924,0.8741821,-19.972069,1.3448035
40183934,0.5448669,-22.911955,5.158872
40183944,1.648971,-17.674047,5.8582177
40183954,0.80472654,-11.093731,4.564907
40183964,-1.0645862,-7.7981834,5.659431
40183974,-1.0298584,-5.7025414,6.497688
40183984,-0.36164796,-4.7601013,7.9670324
40183994,-0.29817992,-1.1795471,8.080796
40184004,-1.5196398,0.5149292,9.412427
40184014,-1.6525635,0.6394702,11.578722
40184024,-1.5639478,-0.5867798,12.21939
40184034,-1.9854712,-1.9172131,10.817105
40184044,-2.0657043,-0.040715333,10.39678
40184054,-1.4202466,2.647694,8.34784
40184065,-1.2406201,4.126619,6.004314
40184075,-1.2561878,3.0153296,5.8007374
40184085,-0.028740235,0.8310718,5.3061657
40184095,0.42272094,-3.505111,6.47733
40184105,-0.39637575,-8.999286,7.413783
40184115,0.05149292,-12.013418,5.367239
40184125,0.18800904,-14.458733,5.9707837
40184135,0.6274951,-14.740148,3.8583765
40184145,2.8476782,-15.736476,2.7614574
40184155,1.0633887,-20.015179,3.6164794
40184165,0.8981323,-20.63429,4.848717
40184175,0.89334226,-16.719631,5.48699
40184185,-0.24668701,-12.897181,4.9600854
40184195,-1.4034815,-11.33922,6.7383876
40184205,-0.020357667,-9.708212,8.014933
40184215,0.28620484,-6.0617943,7.61257
40184225,-0.20237915,-3.864364,6.779103
40184235,-1.22146,-4.02962,7.733518
40184246,-1.0621911,-3.7098854,9.650731
40184256,-0.17842895,0.13292359,8.167017
40184266,-0.15447876,2.1052222,7.228169
40184276,-2.9961693,0.8969348,10.134525
40184286,-0.5783972,2.1195922,10.821896
40184296,-1.0789562,2.5686584,9.75731
40184306,0.13651611,2.9674292,8.471184
40184316,-0.37601808,0.9675879,7.804171
40184326,-0.48499146,-2.1567152,7.829319
40184336,0.7484436,-5.0726514,8.576565
40184346,0.4658313,-9.293873,8.449629
40184356,-0.3185376,-10.962005,6.8114357
40184366,0.24908203,-10.6746025,4.7624965
40184376,1.663341,-10.915301,2.9722192
40184386,1.5232325,-15.215559,4.8990126
40184396,1.2370276,-17.750687,5.4115467
40184406,0.5484595,-17.256115,4.5229945
40184416,0.17962646,-16.568745,4.28469
40184427,0.24668701,-15.12814,4.575685
40184437,0.07065307,-12.125984,4.797224
40184447,-0.9687854,-8.880733,4.9277525
40184457,-1.2490027,-5.931266,5.7779846
40184467,-0.70653075,-2.9877868,5.466632
40184477,-0.8083191,-2.4153771,6.0486217
40184487,-1.52922,-3.4524207,8.26641
40184497,-0.58438474,-2.4525,10.976375
40184507,-1.0562036,0.2945874,11.6853
40184517,-0.7089258,5.542075,10.120155
40184527,-0.18920654,7.7179503,9.202863
40184537,0.13771363,5.8390574,8.7262535
40184547,0.5053491,2.0896544,7.916737
40184557,-0.027542725,-1.4477893,7.532336
40184567,-0.013172608,-3.4200878,7.0880604
40184577,0.4179309,-5.6270986,7.316785
40184587,0.432301,-7.682025,6.4988856
40184597,-0.6382727,-10.199191,6.6006737
40184608,-1.8513501,-11.249407,7.4317455
40184618,-0.32692015,-11.160791,6.5443907
40184628,0.66821045,-14.046789,4.89542
40184638,0.86220706,-15.677798,3.8428087
40184648,1.5459851,-15.347285,2.711162
40184658,1.4992822,-13.861176,2.5195606
40184668,0.9508228,-11.8637295,1.9112256
40184678,0.432301,-11.203901,2.9794042
40184688,0.3915857,-10.06028,4.9624805
40184698,0.16765137,-8.353828,6.2569885
40184708,-1.0047107,-7.198231,6.8341885
40184718,-2.0896544,-6.301296,7.0892577
40184728,-1.1579919,-5.1049843,8.171806
40184738,0.17483643,-3.436853,7.266489
40184748,-3.1602283,-1.9926562,7.2784643
40184758,-1.5699353,-1.2178674,10.248288
40184768,-0.94842774,-3.9685473,14.631174
40184778,-0.10298584,-0.6610254,14.433585
40184789,0.13891113,3.7278478,11.535611
40184799,0.1353186,2.74589,11.115286
40184809,1.0657837,-2.6165588,11.156001
40184819,1.1029065,-6.4378123,9.916578
40184829,1.2490027,-6.4162574,8.034093
40184839,1.1711645,-6.016289,5.83786
40184849,0.7711963,-7.0437527,4.658313
40184859,0.8370593,-9.777667,4.211642
40184869,-0.2933899,-10.356065,4.123026
40184879,0.0,-5.8977356,3.317102
40184889,0.613125,-1.6777111,3.7637732
40184899,0.64186525,-8.361013,6.175558
40184909,-1.7531543,-18.37938,4.9014072
40184919,1.4501843,-11.02188,1.8381774
40184929,1.5783179,-6.182743,1.8321899
40184939,0.48618898,-12.24334,3.1554382
40184949,1.0202783,-15.902929,4.9612827
40184959,2.1902454,-15.661033,2.8464806
40184970,0.17363891,-14.6671,1.1663746
40184980,-0.92328,-11.73799,2.2285657
40184990,-0.48738647,-8.322693,4.3565407
40185000,-0.05029541,-5.2187476,6.2785435
40185010,-0.77718383,-5.0103807,7.597002
40185020,-1.2478051,-5.0810337,7.8796144
40185030,-0.7843689,-3.7074902,7.4856334
40185040,0.0,-1.653761,7.870034
40185050,0.17842895,-0.7424561,9.011261
40185060,0.20836669,-1.2298425,10.504556
40185070,0.920885,-1.9112256,10.915301
40185080,1.6992663,-2.1159997,10.641071
40185090,2.511178,-2.802173,9.42081
40185100,2.2632935,-5.034331,7.4329433
40185110,1.1352392,-7.852072,6.2881236
40185120,1.2046949,-7.570657,4.819977
40185130,2.2824535,-4.406836,1.6214283
40185140,4.103866,-2.6848168,-1.3903089
40185150,-0.09220825,-8.878338,-0.53528684
40185161,0.5149292,-18.327887,1.3651612
40185171,0.039517824,-25.036337,6.1228676
40185181,0.068258055,-19.956501,1.6669335
40185191,0.13412109,-11.421848,-3.2009437
40185201,-1.6178356,-10.995535,-3.622467
40185211,-2.75068,-14.111455,-1.3232483
40185221,-1.6262183,-15.295793,1.2430152
40185231,-0.022752685,-12.206217,2.4932153
40185241,1.0382409,-8.28078,1.7747095
40185251,0.12693603,-7.538324,1.2693603
40185261,-0.64665526,-7.0533323,2.3016138
40185271,0.3293152,-6.2545934,3.239264
40185281,0.6227051,-7.1120105,3.1769934
40185291,-0.086220704,-8.926238,5.5121374
40185301,0.20118164,-7.5922117,6.109695
40185311,1.4034815,-3.9553747,5.0019984
40185321,0.8813672,-2.9518616,6.6773143
40185331,1.099314,-4.1385937,8.916657
40185342,1.1124866,-4.4439588,10.66622
40185352,0.93765014,-3.791316,9.679471
40185362,-0.8586145,-4.3852806,8.138276
40185372,-1.3471985,-8.176597,8.115523
40185382,0.8801697,-8.402926,7.0736904
40185392,2.591411,-7.556287,4.2367897
40185402,2.337539,-7.8879967,2.0249891
40185412,2.1483326,-8.228089,1.0981164
40185422,2.4513025,-8.60291,1.5783179
40185432,1.6118481,-8.165819,4.3709106
40185442,2.513573,-7.1587133,5.116959
40185452,1.0753638,-7.96344,3.993695
40185462,-1.0310559,-10.389595,5.0750465
40185472,-0.9340576,-11.533216,3.7613783
40185482,0.21555176,-10.710527,2.7422974
40185492,0.5125342,-10.183623,0.859812
40185502,0.64545774,-8.926238,-0.22513184
40185512,0.3544629,-8.53585,-0.91489744
40185522,0.40954834,-8.745414,-2.9698243
40185533,0.17124389,-8.704699,-5.292993
40185543,0.6478528,-8.97294,-4.263135
40185553,0.21674927,-9.825567,-2.5962012
40185563,-1.0885364,-10.830278,-1.9291883
40185573,-1.4908997,-10.059082,-3.7086878
40185583,-1.169967,-9.807605,-5.3852015
40185593,-0.36045045,-10.345287,-5.9707837
40185603,0.70772827,-10.366842,-5.621111
40185613,1.1975098,-10.49258,-5.484595
40185623,1.1807446,-9.707014,-5.5049524
40185633,0.29578492,-8.8388195,-6.524033
40185643,-0.432301,-7.6556797,-7.0868626
40185653,-0.44786865,-7.03058,-5.980364
40185663,0.124541014,-7.04495,-5.445077
40185673,0.2335144,-7.757468,-5.253475
40185683,0.7975415,-7.726333,-4.287085
40185693,0.023950195,-8.595725,0.37601808
40185703,-0.8849597,-9.948911,-0.798739
40185713,-0.6993457,-6.246211,-4.5205994
40185724,0.87178713,-2.9422815,-6.849756
40185734,1.4010864,-2.3626869,-8.311915
40185744,1.477727,-4.9481106,-8.487949
40185754,2.4872277,-6.9826794,-5.302573
40185764,1.658551,-9.313033,-3.906277
40185774,3.302732,-9.717792,-4.2727146
40185784,2.9686267,-12.53673,-2.7446923
40185794,2.3950195,-12.456496,-1.4813195
40185804,2.7219398,-10.700947,-1.6286132
40185814,2.699187,-9.572893,-1.1987072
40185824,2.1064196,-10.110575,-1.3220508
40185834,2.1267774,-9.974059,-3.6440222
40185844,2.4273522,-9.017248,-6.7503624
40185854,2.6369164,-6.9048414,-8.624465
40185889,2.1806653,-5.26066,-9.477093
40185899,1.2717553,-5.125342,-9.75252
40185910,0.90531737,-5.3205357,-9.212442
40185920,1.108894,-6.974297,-8.715476
40185930,1.660946,-8.381371,-8.028106
40185940,2.347119,-9.302256,-8.138276
40185950,2.203418,-8.652008,-6.1516075
40185960,1.0142908,-9.037606,-5.5684204
40185970,-0.48379394,-8.725056,-6.1587925
40185980,-0.30177248,-8.010143,-8.147857
40185990,-0.30776,-4.409231,-6.3959
40186000,-0.0742456,-3.2763867,-7.676038
40186010,-1.0059083,-5.572013,-6.3276415
40186020,-0.1353186,-6.460565,-4.106261
40186030,0.4514612,-6.0737696,-3.5841467
40186040,0.60833496,-5.6582336,-4.439169
40186050,-0.50774413,-6.2078905,-3.7769458
40186060,-0.0059875487,-8.520282,-3.803291
40186070,-1.1029065,-10.96919,-4.798422
40186080,0.90531737,-11.989468,-5.5827904
40186091,0.3556604,-10.716515,-4.439169
40186101,-1.3196558,-7.3515124,-4.757706
40186111,-2.389032,-7.2173915,-5.4115467
40186121,-1.4489868,-8.417296,-4.008065
40186131,0.3185376,-10.799143,-2.6273365
40186141,-0.04790039,-11.994258,-2.7315197
40186151,0.13172607,-11.848162,-3.37578
40186161,0.31135255,-11.110496,-4.309838
40186171,0.39637575,-10.1261425,-3.969745
40186181,1.2789404,-9.9081955,-2.5267456
40186191,1.4549744,-10.662627,-2.5602758
40186201,2.1207898,-11.776311,-1.3855188
40186211,1.6956738,-11.304492,-0.791554
40186221,0.9077124,-9.508227,-1.275348
40186231,1.658551,-8.963361,-5.019961
40186241,0.5771997,-7.7742333,-3.1602283
40186251,1.0250684,-9.071136,-3.9050794
40186261,1.3579761,-9.430389,-2.9710217
40186272,2.1615052,-9.728569,-3.7589831
40186282,3.2500415,-10.548863,-3.9529798
40186292,3.0165272,-10.78118,-2.9770093
40186302,2.0010388,-8.727451,-1.8070422
40186312,1.7112415,-4.728966,-2.7806177
40186322,0.27422974,-3.9541771,-3.5769618
40186332,-0.12693603,-3.6847374,-3.6991076
40186342,-1.0921289,-5.6833816,-3.1590307
40186352,-0.39637575,-6.100115,-1.3843213
40186362,-0.7209009,-7.692803,-0.9472302
40186372,0.3161426,-8.230485,-0.7316785
40186382,0.8945398,-8.775352,-1.1424243
40186392,0.52570677,-9.832752,-1.5699353
40186402,0.6095325,-9.569301,-1.7220191
40186412,0.6598279,-9.517808,-2.191443
40186422,0.55923706,-9.941726,-2.955454
40186432,1.1220666,-9.930948,-4.1864944
40186442,1.5304174,-9.108259,-5.908513
40186452,1.5615528,-8.770561,-7.36229
40186463,1.2777429,-8.649613,-6.9683094
40186473,1.3028907,-8.381371,-6.411467
40186483,1.4106665,-8.461604,-6.001919
40186493,2.3555017,-8.349038,-5.685776
40186503,3.5003211,-7.862849,-6.2354336
40186513,3.9266346,-8.61728,-7.5203614
40186523,4.085903,-10.38241,-7.507189
40186533,3.4679883,-11.749966,-7.5778418
40186543,2.6177564,-9.650731,-5.8857603
40186553,2.5219555,-7.6736426,-5.659431
40186563,1.3028907,-6.5599585,-5.1361194
40186573,1.7519568,-4.5840673,-3.4093103
40186583,0.9412427,-6.927594,-2.1650977
40186593,0.2826123,-10.546469,1.7112415
40186603,-0.34967285,-11.674522,3.319497
40186613,-0.065863036,-11.56076,1.7591418
40186623,-0.061072998,-10.320139,1.7974621
40186633,1.1460168,-8.513097,1.5399976
40186644,0.29937744,-7.956255,-0.48858398
40186654,-1.4573693,-8.763376,-2.6285338
40186664,-1.289718,-9.333391,-3.605702
40186674,-1.6190332,-8.898695,-3.6320472
40186684,-1.6369958,-8.739427,-3.373385
40186694,-0.24309449,-8.448431,-2.5399182
40186704,0.10059082,-8.274793,-1.2490027
40186714,-0.21076173,-8.629255,0.10777588
40186724,-1.0502161,-9.163344,0.93765014
40186734,-1.1196716,-9.565708,0.4514612
40186744,-0.9508228,-9.672286,1.3998889
40186754,-0.6382727,-10.4003725,3.5410364
40186764,-0.58558226,-11.508069,4.622388
40186774,-0.66821045,-10.2878065,2.4069946
40186784,-1.1520044,-10.603949,2.3950195
40186794,-0.92567503,-9.9010105,1.9160156
40186804,-0.37003052,-10.356065,4.1242237
40186814,0.90411985,-10.596764,3.3278797
40186825,1.6046631,-9.9081955,2.4812403
40186835,1.7890795,-10.477013,4.006868
40186845,1.6238233,-12.838502,3.8871167
40186855,1.1831397,-11.0757675,2.3171813
40186865,0.9089099,-7.9442797,2.193838
40186875,0.8586145,-8.62207,3.8344262
40186885,-0.42511597,-9.2890835,6.1468177
40186895,2.254911,-8.480764,4.022435
40186905,-0.63108766,-9.53098,4.2272096
40186915,-0.2969824,-8.430469,4.6247826
40186925,-0.9029224,-8.401729,3.7050953
40186935,-0.64665526,-8.461604,4.143384
40186945,0.05388794,-8.786129,3.4200878
40186955,-0.28859985,-9.304651,4.135001
40186965,-0.09101074,-10.080637,4.1948767
40186975,0.16765137,-10.535691,3.0249097
40186985,0.8969348,-10.358459,2.9027636
40186995,0.803529,-9.048384,3.0296998
40187006,1.6765137,-8.038883,0.4897815
40187016,1.5711328,-7.93949,-0.68018556
40187026,0.5448669,-9.335786,-2.381847
40187036,-0.016765136,-10.06028,-1.0035132
40187046,-0.59635985,-11.365565,-0.4897815
40187056,-0.26704466,-11.88289,0.50894165
40187066,-0.64186525,-10.819501,0.4155359
40187076,-0.6993457,-9.975256,-0.91849
40187086,0.31135255,-10.073452,-2.2237756
40187096,1.0418335,-9.410031,-3.1734009
40187106,0.80472654,-8.693921,-3.248844
40187116,0.1592688,-9.214838,-3.3937426
40187126,-0.38080812,-10.13692,-2.8464806
40187136,-0.5233118,-10.414742,-0.48139894
40187146,-0.0371228,-9.650731,1.1100916
40187156,0.05149292,-8.371791,0.99872315
40187166,0.25506958,-7.692803,-0.43110353
40187176,0.857417,-6.6258216,-1.9016455
40187187,0.97477293,-6.575526,-2.5973988
40187197,1.3807287,-6.9455566,-2.015409
40187207,1.7160316,-8.672366,0.17723145
40187217,0.81789917,-9.53577,3.0165272
40187227,0.9352551,-9.110654,3.7038977
40187237,1.8357825,-8.744216,3.4057178
40187247,2.3004162,-8.982521,3.7074902
40187257,2.682422,-9.581276,3.8763392
40187267,2.9111462,-10.472223,3.7853284
40187277,2.692002,-10.154882,2.0477417
40187287,1.6896863,-7.374265,-0.31135255
40187297,1.8609302,-7.459288,-0.41074586
40187307,2.379452,-9.517808,0.4538562
40187317,2.6955945,-10.09381,0.38080812
40187327,2.4608827,-9.8028145,0.37601808
40187337,1.9196081,-9.736952,-0.28859985
40187359,1.3663586,-10.035131,-0.16046631
40187370,0.63108766,-9.14658,-0.13412109
40187380,-0.53169435,-8.117919,0.086220704
40187390,-1.104104,-8.031698,-0.8981323
40187400,-0.5903723,-9.296268,-3.3937426
40187410,0.24548951,-9.80042,-5.925278
40187420,-0.05029541,-10.152488,-7.573052
40187430,-1.3927039,-8.549023,-7.69879
40187440,-1.902843,-5.8031325,-9.651929
40187450,-1.5232325,-5.6103334,-10.518926
40187460,-1.2537928,-8.59333,-8.152646
40187470,0.0371228,-11.6314125,-6.1073
40187480,0.2335144,-11.197914,-4.7720766
40187490,0.15208374,-8.8951025,-5.5265074
40187500,0.17842895,-5.50615,-5.9935365
40187510,1.2561878,-4.2415795,-3.8895118
40187520,2.7782226,-6.8820887,-1.7675244
40187530,3.6164794,-12.52236,4.485872
40187540,3.0919702,-15.6766,4.5074267
40187550,1.848955,-10.544073,0.043110352
40187561,0.803529,-7.188651,-1.9471508
40187571,1.2106824,-7.1778736,-0.5484595
40187581,1.9076331,-8.137079,-0.86699706
40187591,1.8848804,-8.491542,-1.6094531
40187601,1.6705261,-9.097482,-2.1004322
40187611,1.1508069,-9.756112,-1.9148182
40187621,1.1543994,-9.548943,-1.5938855
40187631,1.3052857,-9.265133,-2.379452
40187641,1.3603711,-9.42081,-2.894381
40187651,1.4956897,-10.080637,-3.2117212
40187661,1.5591577,-10.200388,-3.7206628
40187671,1.2142749,-9.075927,-4.2343946
40187681,-0.064665526,-7.0581226,-4.8091993
40187691,-2.8644433,-5.3971767,-6.7264123
40187701,-3.0225146,-4.8080015,-8.525072
40187711,-0.5736072,-7.619755,-7.965835
40187721,1.3579761,-10.419533,-6.843768
40187731,0.97237796,-11.359577,-5.979166
40187741,0.0059875487,-9.82437,-5.836663
40187754,-0.6119275,-8.129894,-5.5732102
40187764,-0.6095325,-7.740703,-4.946913
40187774,0.69455564,-8.017328,-4.831952
40187785,2.8321106,-8.695118,-2.858456
40187795,3.3063245,-9.635163,-0.7496411
40187805,1.9339783,-9.708212,0.3676355
40187815,0.30895752,-8.996891,-0.2826123
40187825,0.07544312,-8.916657,-0.39637575
40187835,0.5903723,-9.24238,-0.7735913
40187845,1.5124549,-9.346563,-1.3891113
40187855,2.1255798,-9.408834,-2.1698878
40187865,1.7435743,-9.426797,-2.6045837
40187875,1.2118798,-8.903485,-3.0644274
40187885,1.5364051,-8.468789,-3.615282
40187895,2.0249891,-8.302335,-3.9577699
40187905,2.015409,-8.382568,-4.325405
40187915,1.8154248,-8.517887,-4.324208
40187925,1.6549585,-8.392148,-4.352948
40187935,1.6813037,-8.315508,-4.418811
40187945,2.0046313,-8.317903,-4.4643164
40187955,1.477727,-9.085506,-3.98651
40187966,-0.17363891,-8.289163,-3.9709425
40187976,-0.104183346,-7.4964113,-6.2941113
40187986,-0.857417,-7.1359606,-5.981561
40187996,-2.4800427,-8.654403,-4.352948
40188006,-3.05844,-8.313113,-4.8475194
40188016,-0.5999524,-8.54064,-5.271438
40188026,0.53648436,-9.296268,-4.172124
40188036,0.45625123,-8.904682,-3.9014869
40188046,-0.42272094,-8.859178,-4.196074
40188056,-0.1951941,-8.175399,-4.6403503
40188066,2.3638842,-8.472382,-1.9160156
40188076,2.77463,-10.114167,-0.20956421
40188086,0.9855505,-9.944121,-0.66821045
40188096,-0.7544311,-9.451944,-2.1040246
40188106,0.17363891,-9.126222,-2.3004162
40188116,2.6141639,-9.508227,-2.5327332
40188126,2.9123437,-9.4507475,-2.567461
40188136,1.7866845,-9.211246,-2.4333398
40188146,1.5567627,-8.63644,-3.2356713
40188156,1.9172131,-8.543035,-3.3554223
40188167,2.215393,-8.759784,-3.2308815
40188177,1.8812878,-8.981323,-3.248844
40188187,1.4561719,-8.674761,-3.1722033
40188197,1.5232325,-8.187374,-3.4308655
40188207,1.9339783,-7.62694,-3.732638
40188217,2.0429516,-7.428153,-3.735033
40188227,1.2717553,-8.394544,-3.5326538
40188237,-0.41194335,-9.036408,-3.075205
40188247,-1.4346167,-8.817265,-4.0176454
40188257,-1.0011182,-7.843689,-4.963678
40188267,-0.11496094,-7.9059596,-5.2115626
40188277,-0.043110352,-9.193282,-4.695436
40188287,-0.5065466,-10.115365,-4.0511756
40188297,-0.8346643,-10.10339,-3.8248463
40188307,-0.35925293,-9.55972,-4.0116577
40188317,-0.0059875487,-9.091495,-3.8487964
40188327,0.5053491,-8.6136875,-3.617677
40188337,1.1184741,-8.756191,-2.9518616
40188348,0.84065187,-9.018446,-2.9722192
40188358,0.39637575,-8.889115,-2.530338
40188368,1.353186,-9.006471,-1.5711328
40188378,1.8920654,-9.125025,-2.5075855
40188388,1.1064991,-8.6280575,-1.3208532
40188398,1.5423926,-8.5154915,-1.5136523
40188408,2.598596,-8.713081,-1.2537928
40188418,2.9698243,-9.147778,-1.167572
40188428,2.7231371,-9.241183,-0.9915381
40188438,2.032174,-9.322614,-1.3855188
40188448,1.2034973,-9.09868,-1.2466077
40188458,1.5352075,-8.841214,-1.5531702
40188468,2.0501368,-9.066346,-1.6286132
40188478,2.2357507,-9.086704,-1.6741186
40188488,2.1171973,-8.549023,-1.5603552
40188498,1.9076331,-8.822055,-2.77463
40188508,0.6143225,-9.253158,-2.1255798
40188518,-0.5281018,-9.265133,-2.579436
40188528,-1.6789087,-8.743019,-3.1865735
40188539,-1.0202783,-7.676038,-4.7325587
40188549,0.3161426,-8.113129,-5.940846
40188559,0.8107141,-8.834029,-6.7551527
40188569,0.5173242,-8.703501,-7.4161777
40188579,0.122145995,-8.485554,-7.629335
40188589,0.09939331,-8.380174,-6.878496
40188599,0.34248778,-8.668774,-5.8414526
40188609,0.41912842,-8.817265,-4.907395
40188619,0.120948486,-8.380174,-4.9301476
40188629,0.20597167,-7.7981834,-5.9923387
40188639,0.17244141,-7.218589,-5.5121374
40188649,1.3675561,-8.740623,-1.9435583
40188659,2.0585194,-11.067386,-0.031135254
40188669,1.2454102,-10.946437,-1.411864
40188679,0.027542725,-10.657837,-3.3159046
40188689,0.28500733,-8.123906,-3.9829175
40188699,1.4825171,-6.3791347,-3.1542406
40188709,1.8429675,-6.540798,-2.0333717
40188720,1.9327807,-7.218589,-0.5233118
40188730,1.4573693,-8.783734,0.16166382
40188740,1.7639319,-9.453142,0.9352551
40188750,2.0405567,-10.06028,2.391427
40188760,2.342329,-10.243499,3.9529798
40188770,1.6357983,-11.59429,6.5036755
40188780,1.407074,-10.884167,6.421047
40188790,1.1879296,-9.301059,3.9517822
40188800,1.1975098,-8.793314,1.7232165
40188810,1.4837146,-8.690329,0.07783814
40188820,2.3483167,-7.9622426,-0.5221143
40188830,2.5195606,-7.94907,-0.7089258
40188840,1.2442126,-9.087902,0.29578492
40188850,0.19878662,-10.665022,2.0130138
40188860,0.70174074,-10.669812,1.3567786
40188870,1.0130932,-9.46392,-0.22632934
40188880,1.1663746,-8.981323,-0.30416748
40188890,1.2813355,-10.192005,0.38080812
40188900,0.27542725,-10.966794,-0.16765137
40188911,-0.2706372,-9.216035,0.3412903
40188921,-0.93765014,-8.8951025,0.2838098
40188931,-0.15447876,-10.623109,0.83945435
40188941,1.2130774,-10.480605,-1.0142908
40188951,0.6382727,-11.03625,-2.3998096
40188961,0.29099488,-10.940449,-2.7973828
40188971,0.2574646,-8.473579,-4.0894957
40188981,0.05388794,-6.7324,-5.889353
40188991,0.12693603,-7.785011,-4.639153
40189001,-0.067060545,-10.317744,-3.6452198
40189011,-1.5747254,-12.213402,-4.061953
40189021,-2.278861,-11.461366,-6.6138463
40189031,-1.8070422,-9.631571,-7.3778577
40189041,-1.4789245,-9.031619,-8.211325
40189051,-1.653761,-11.120075,-7.425758
40189061,-1.472937,-11.678115,-6.8246083
40189071,-0.5161267,-10.278226,-6.6629443
40189081,0.18681152,-9.055569,-6.2821364
40189091,0.18681152,-8.468789,-5.3756213
40189102,-0.3556604,-9.21364,-5.574408
40189112,-0.9568103,-8.921448,-3.0524523
40189122,0.27422974,-8.173004,-1.6753162
40189132,0.42152345,-8.180189,1.8477576
40189142,0.03592529,-7.514374,0.5891748
40189152,0.6969507,-4.1733217,-2.753075
40189162,2.0609143,-5.1121693,-3.5374439
40189172,1.7100439,-8.81008,-2.762655
40189182,2.499203,-5.598358,1.1388317
40189192,2.1842577,-5.8666005,3.7458105
40189202,1.1711645,-9.789642,7.359895
40189212,1.1448194,-12.400213,9.188493
40189222,1.5519726,-11.669733,7.5251513
40189232,2.76505,-9.186097,5.760022
40189242,2.8045678,-9.201665,4.437971
40189252,1.8070422,-8.169412,4.3493557
40189262,1.9076331,-6.956334,4.6834607
40189272,1.9232007,-7.484436,4.8259645
40189282,1.9603235,-8.546627,4.2930727
40189293,2.0609143,-8.757389,3.4093103
40189303,0.9783655,-9.5070305,2.694397
40189313,1.2573853,-7.589817,2.877616
40189323,1.7136365,-7.931107,3.3985326
40189333,1.0669812,-9.826765,2.1064196
40189343,0.31494507,-9.329799,0.80233157
40189353,0.1963916,-9.447155,0.8705896
40189363,0.5137317,-8.8963,0.18561402
40189373,0.17483643,-10.832673,0.88974977
40189383,-0.2694397,-13.056449,1.5723304
40189393,-1.3208532,-13.191768,2.450105
40189403,0.368833,-12.961845,0.0035925293
40189413,-1.0777588,-12.178675,1.3364209
40189423,-0.5053491,-10.936856,1.6262183
40189433,-0.7364685,-10.582394,0.8909473
40189443,-0.91609496,-10.838661,-0.09580078
40189453,-0.7161108,-10.365644,-1.2046949
40189463,-0.2933899,-9.758507,-2.5997937
40189473,0.26345214,-9.684261,-3.6595898
40189484,0.6095325,-9.641151,-3.8068836
40189494,0.85023195,-9.182505,-3.0991552
40189504,0.64066774,-9.055569,-3.0560448
40189514,0.12573853,-9.383686,-2.1267774
40189537,0.11496094,-10.405163,-1.4406042
40189547,-0.05508545,-11.074571,-1.6693286
40189557,0.067060545,-10.514135,-2.5830286
40189567,0.27901977,-9.53577,-3.6068995
40189577,0.69096315,-9.1130495,-3.556604
40189587,1.4861096,-9.55014,-2.8680358
40189597,1.5483801,-10.34888,-1.959126
40189608,1.1244617,-10.47821,-1.4537768
40189618,0.79394895,-9.758507,-2.894381
40189628,0.49936157,-7.6053843,-3.354225
40189638,0.9915381,-6.71803,-3.838019
40189648,1.3172607,-7.084468,-4.88584
40189658,2.3411317,-7.0317774,-5.266648
40189668,3.0776,-6.301296,-4.8283596
40189678,2.7949877,-6.8569407,-3.7793407
40189688,1.4022839,-8.624465,-2.5327332
40189698,0.39996827,-7.5047936,-2.9171338
40189708,0.46942383,-2.701582,-4.4655137
40189718,0.46343628,-0.07664063,-4.8714695
40189728,0.8071216,-0.6981482,-5.0331335
40189738,1.108894,-4.8331494,-5.4881873
40189748,0.6646179,-6.7671275,-6.492898
40189758,1.0538086,-6.3432093,-7.3119946
40189768,1.3603711,-5.1864147,-9.360934
40189778,1.1029065,-5.3780165,-9.678274
40189788,1.4238391,-7.191046,-8.840017
40189799,2.1435425,-8.85798,-7.9131446
40189809,3.0907726,-10.768008,-6.4162574
40189819,3.5015185,-12.57026,-5.0091834
40189829,3.8416114,-13.500725,-3.5949242
40189839,2.8416908,-10.952424,-2.5459058
40189849,2.9758117,-8.97294,-3.0728102
40189859,2.386637,-8.667576,-5.139712
40189869,3.182981,-6.6401916,-6.715635
40189879,3.7565882,-5.522915,-8.274793
40189889,3.08239,-5.3504734,-8.231682
40189899,1.8333875,-6.2521987,-7.1658983
40189909,0.8562195,-6.734795,-6.389912
40189919,0.14010864,-6.0246716,-4.3230104
40189929,-1.9651135,-4.750521,-3.354225
40189939,-2.4608827,-5.9863515,-6.822213
40189949,-0.8083191,-6.6066613,-6.119275
40189959,1.0442286,-7.926317,-6.394702
40189969,1.8405725,-9.263935,-5.5803957
40189980,1.1208692,-9.370514,-5.6175184
40189990,0.42391846,-8.469987,-5.9935365
40190000,0.29219237,-7.521559,-5.9612036
40190010,0.029937744,-7.4245605,-4.477489
40190020,0.04670288,-9.059161,-3.67875
40190030,0.11496094,-10.765613,-3.5278637
40190040,0.52091676,-11.4625635,-3.0392797
40190050,0.6706055,-11.781101,-3.6356397
40190060,1.101709,-11.5260315,-4.940925
40190070,0.5604346,-10.178833,-4.064348
40190080,1.228645,-10.990745,-5.997129
40190090,1.2729529,-11.140433,-6.4006896
40190100,0.18681152,-7.8724294,-4.1194334
40190110,-0.0035925293,-9.078321,-4.605623
40190120,-1.4166541,-8.311915,-1.1292517
40190130,-1.9076331,-9.462722,-1.7747095
40190140,-1.0274634,-11.32485,-1.5244299
40190150,0.30177248,-12.430151,-2.0992346
40190160,0.4778064,-11.722424,-2.2213807
40190171,1.419049,-9.989627,-1.6813037
40190181,2.14474,-9.284293,-0.16645385
40190191,1.902843,-9.171727,-0.10059082
40190201,2.4860303,-8.441246,-0.0059875487
40190211,2.242936,-9.845925,-1.9483484
40190221,2.271676,-9.569301,-1.8214123
40190231,2.5530908,-9.0004835,-1.3759388
40190241,3.4560132,-10.291399,-3.3254845
40190251,3.885919,-11.511662,-1.3280383
40190261,2.8608508,-12.287647,-0.11376343
40190271,0.50894165,-9.702224,-2.3267615
40190281,1.0202783,-4.8331494,-3.4919386
40190291,2.3099964,-3.9457946,-3.69312
40190301,1.5352075,-6.815028,-3.248844
40190311,1.0705737,-7.388635,-2.6117687
40190321,0.086220704,-6.2486057,-3.6679723
40190331,0.24309449,-5.237908,-4.9085927
40190341,2.1183949,-5.653444,-3.514691
40190352,2.7159522,-8.034093,-2.327959
40190362,2.4968078,-9.618399,-1.9243982
40190372,0.28859985,-9.297466,-2.767445
40190382,1.0669812,-7.9107494,-3.9996827
40190392,2.0932472,-8.566985,-5.0103807
40190402,2.706372,-8.596923,-3.368595
40190412,2.7854078,-8.265212,-2.325564
40190422,2.503993,-8.549023,-3.0380824
40190432,2.3758593,-8.916657,-3.993695
40190442,2.2920337,-8.522677,-3.7015028
40190452,3.4152977,-8.805289,-4.9552956
40190462,3.8823266,-9.600436,-4.127816
40190472,5.1373167,-9.19927,-3.4284704
40190489,4.639153,-10.3931875,-4.6547203
40190499,4.212839,-11.4769335,-3.998485
40190509,3.1434631,-12.087664,-2.5830286
40190519,2.0405567,-10.271041,0.031135254
40190529,1.1615845,-7.1048255,0.4430786
40190540,0.87178713,-5.898933,0.39877075
40190550,0.859812,-7.4317455,0.91130495
40190560,1.2034973,-10.0698595,2.5782385
40190570,1.9184107,-11.852952,1.9890637
40190580,1.9387683,-12.112811,-0.13052857
40190590,2.032174,-10.116563,-2.2800586
40190600,2.034569,-8.234077,-3.2955468
40190610,1.8681152,-7.8101587,-3.7577856
40190620,1.3807287,-8.329878,-1.7280066
40190630,0.8095166,-9.903406,2.4716601
40190640,-0.26704466,-11.056607,1.7411792
40190650,0.0059875487,-10.917697,1.287323
40190660,1.6202307,-10.849439,1.353186
40190670,1.346001,-8.92025,-0.27183473
40190680,0.5903723,-10.297386,-1.3867164
40190690,-0.68497556,-9.744137,-0.9915381
40190700,-0.83945435,-11.097323,1.660946
40190710,-0.6322852,-14.116245,3.7386255
40190721,-0.4047583,-15.59038,3.1470556
40190731,-0.366438,-12.880415,3.6236646
40190741,1.9459534,-9.998009,-5.654641
40190751,1.7723144,-10.721305,-3.4033227
40190761,0.7220984,-11.9056425,-0.73048097
40190771,0.98674804,-9.257948,1.2046949
40190781,1.7423767,-7.1048255,1.3819263
40190791,1.8046472,-7.8556643,0.4287085
40190801,1.343606,-8.139474,0.7209009
40190811,1.5112573,-8.412506,1.407074
40190821,1.1400293,-8.787327,-0.09939331
40190831,1.1436218,-7.2904396,0.13292359
40190841,1.775907,-5.618716,1.3364209
40190851,2.0752845,-4.3864784,1.6621436
40190861,1.8968555,-5.294191,2.2561083
40190871,1.3950989,-6.8066454,3.615282
40190881,1.9339783,-7.1048255,3.8703516
40190891,2.6524842,-6.773115,2.4716601
40190901,1.6992663,-7.4101906,1.7747095
40190912,1.900448,-8.193362,2.2884412
40190922,2.090852,-9.417217,3.9158568
40190932,2.0848646,-11.256592,4.4343786
40190942,1.9555335,-12.011023,4.4403663
40190952,2.618954,-11.976295,3.5278637
40190962,3.2248938,-11.32485,1.9938538
40190972,3.605702,-10.328522,1.2741504
40190982,3.8931043,-10.34888,0.034727782
40190992,3.478766,-10.000404,-0.70174074
40191002,3.9098694,-9.24717,-1.3843213
40191012,4.3589354,-10.0626745,-2.1363573
40191022,4.242777,-12.778626,-2.0213964
40191032,3.573369,-14.741345,-1.3268409
40191042,3.554209,-14.974859,-1.4310242
40191052,3.666775,-12.619358,-1.8525476
40191062,3.5194812,-11.33922,-2.8967762
40191072,0.14130615,-13.910274,5.0175657
40191082,-1.228645,-13.169015,9.212442
40191092,-0.23710693,-4.176914,4.684658
40191103,-1.1100916,-0.28859985,6.175558
40191113,-1.6717236,-1.2382251,6.3348265
40191123,-1.8848804,0.71850586,8.425678
40191133,0.26704466,1.595083,9.826765
40191143,-0.3580554,0.061072998,11.4625635
40191153,-1.5256275,-5.5947657,13.425282
40191163,-2.7410998,-4.411626,14.4240055
40191173,0.16884887,-0.1592688,13.034894
40191183,0.1484912,2.7399023,10.960807
40191193,-2.098037,2.9099488,10.905722
40191203,-1.9255958,4.884642,9.83874
40191213,0.021555176,5.437892,8.327483
40191223,0.086220704,2.2764661,8.87714
40191233,-0.9077124,-1.8250049,9.192085
40191243,-1.5663428,-4.2080493,7.8616514
40191253,0.3305127,-4.9912205,7.7059755
40191263,-0.41673338,-7.0880604,6.3048887
40191273,0.64066774,-7.322772,4.5397596
40191283,0.69455564,-10.306967,2.44292
40191294,1.6393908,-12.992981,5.0427136
40191304,2.626139,-15.808327,3.290757
40191314,2.335144,-18.815273,2.7051744
40191324,4.2882824,-19.569704,3.290757
40191334,4.4990444,-17.889599,4.3469605
40191344,2.6524842,-17.423767,5.886958
40191354,0.9077124,-14.327007,7.5538917
40191364,0.9903406,-9.18969,7.34792
40191374,0.26225463,-5.5875807,6.029462
40191384,-0.2562671,-4.4583287,5.261858
40191394,-0.08741821,-4.92416,6.6641417
40191404,-0.3580554,-4.4966493,6.580316
40191414,0.17962646,-2.530338,6.373147
40191424,-1.2969031,-2.8273206,9.51661
40191434,-0.6119275,-1.2789404,10.662627
40191444,-2.5123756,-0.7975415,13.119917
40191454,-0.671803,5.363646,13.899496
40191464,-0.5652246,7.094048,12.249328
40191474,-2.6668541,4.509822,12.602592
40191485,-1.778302,6.6234264,13.106745
40191495,-0.19279908,7.505991,11.178754
40191505,-0.74006104,3.2715967,10.096205
40191515,-1.0957215,-1.3986914,10.286609
40191525,-0.7640112,-3.6512072,9.638756
40191535,-1.2382251,-4.966073,9.717792
40191545,-2.887196,-4.6643004,10.71891
40191555,-1.7543519,-3.0165272,8.463999
40191565,-1.3735437,-5.2570677,7.9227247
40191575,-1.7423767,-9.959689,8.55501
40191585,-0.98794556,-10.884167,5.591173
40191595,1.1292517,-11.175161,3.2033386
40191605,1.9758911,-14.230008,2.278861
40191615,2.6201513,-18.76378,4.2487645
40191625,2.5447083,-19.944525,6.291716
40191635,2.506388,-17.264498,6.5288234
40191645,0.65623534,-12.900773,6.3959
40191655,-0.31015503,-8.604108,6.4306273
40191665,-0.33889526,-6.807843,6.653364
40191676,-0.11975098,-7.3491173,5.7312818
40191686,-0.20118164,-5.078639,5.733677
40191696,-0.60713744,-3.6380346,7.65089
40191706,-2.0082238,-1.7423767,7.9179344
40191716,-0.8250842,-0.97477293,9.608818
40191726,-1.111289,-0.6514453,11.831396
40191736,-1.5543677,-0.28500733,12.0816765
40191746,-1.5136523,4.453539,13.098362
40191756,-0.79035646,7.909552,11.726016
40191766,-2.029779,6.295309,12.001443
40191776,-2.4177723,2.9362938,12.730726
40191786,-0.98794556,4.071533,11.875705
40191796,-0.09220825,4.5517344,9.872271
40191806,-0.92687255,1.5136523,8.720266
40191816,-1.155597,-1.526825,8.125104
40191826,-0.7244934,-2.9794042,7.7670484
40191836,-1.0933264,-4.643943,9.006471
40191846,-1.2250525,-5.0846267,8.0436735
40191857,0.019160157,-5.830675,7.301217
40191867,1.4310242,-10.585986,6.7503624
40191877,-0.8083191,-12.742702,6.284531
40191887,0.8095166,-15.129338,4.780459
40191897,2.1315675,-16.67772,3.6380346
40191907,3.3673975,-17.58543,3.561394
40191917,3.1985486,-16.463364,4.6810656
40191927,2.2010229,-14.898219,6.053412
40191937,0.54606444,-11.211086,6.612649
40191947,-0.6251001,-8.25683,6.6090565
40191957,-0.70533323,-5.9588084,6.300099
40191967,-0.50774413,-3.514691,6.822213
40191977,-0.735271,-5.139712,8.05924
40191987,-1.8705102,-3.6967127,10.924882
40191997,-0.7759863,-3.3506324,10.208771
40192007,-1.470542,-2.3219714,10.048305
40192017,-1.5208374,0.2203418,11.235037
40192027,-2.1159997,4.5421543,12.867243
40192037,-1.7998571,8.527467,11.516452
40192048,-2.0764818,6.478528,11.917617
40192058,-2.4776478,3.8511915,13.336666
40192068,-1.7962646,4.594845,12.486434
40192078,-1.3927039,4.9696655,10.209969
40192088,-1.3064831,1.8836828,9.15137
40192098,-1.22146,-1.8190173,8.695118
40192108,-1.3076806,-3.0979578,7.838899
40192118,-1.4873071,-2.3555017,6.7551527
40192128,-1.275348,-2.9243188,6.3839245
40192138,-1.4406042,-5.034331,6.8772984
40192148,-1.7495618,-6.4809227,6.4246397
40192158,-2.5051904,-9.49266,5.013973
40192168,-2.0692968,-13.277988,4.484674
40192178,0.38919067,-14.834751,4.2595425
40192188,1.2154725,-17.068108,2.8859985
40192198,1.5962806,-19.394869,3.5482213
40192208,3.2847693,-20.1002,4.773274
40192218,2.8919861,-18.367405,6.2162733
40192228,1.5795153,-14.588064,7.1203933
40192239,-0.4263135,-10.142908,7.543114
40192249,-1.099314,-6.016289,7.5443115
40192259,-0.83945435,-3.7314405,7.2293663
40192269,-2.4153771,-4.9085927,6.009104
40192279,0.70174074,-3.7015028,9.457932
40192289,-2.0776794,-5.863008,11.857741
40192299,-1.3232483,-4.01525,12.889996
40192309,-1.4010864,2.997367,12.027788
40192319,-1.0394385,9.890233,10.916499
40192329,-2.3614893,8.5645895,11.745175
40192339,-2.386637,8.462802,13.341456
40192349,-2.046544,7.7622585,12.991783
40192359,-1.1424243,8.012538,12.151132
40192369,-0.8190967,5.9863515,10.405163
40192379,-0.65264285,1.0873389,9.508227
40192389,-1.1029065,-3.5997143,8.760982
40192399,-0.9172925,-4.6187954,7.7107654
40192409,-1.5867004,-3.7410204,6.1767554
40192420,-2.696792,-3.429668,6.16478
40192430,-1.7591418,-3.8392162,7.0904555
40192440,-1.9770886,-5.322931,7.940687
40192450,-1.4801221,-7.418573,7.7275305
40192460,-3.0787976,-11.412268,9.560918
40192470,-0.57001466,-16.557968,9.152567
40192480,-0.10777588,-18.167421,7.9346995
40192490,0.40236327,-15.916102,5.024751
40192500,1.8381774,-14.224021,4.0272255
40192510,2.4656725,-15.033538,3.5913317
40192520,1.9603235,-16.404686,5.295388
40192530,1.8273998,-13.448034,6.643784
40192540,0.123343505,-9.46871,6.7994604
40192550,-0.6753955,-6.829398,7.8377013
40192560,-0.38559815,-6.1073,8.715476
40192570,0.37122804,-5.797145,9.818382
40192580,1.3328284,-5.403164,8.835227
40192590,0.737666,-3.6021094,8.095166
40192601,-0.10298584,-2.7363098,5.4175344
40192611,-0.24548951,-0.7232959,4.9672704
40192621,0.8310718,0.7041357,5.7935524
40192631,-0.9460327,1.2669654,7.188651
40192641,-1.0921289,2.7878027,9.645941
40192651,-0.69455564,4.0164475,9.565708
40192661,1.1436218,5.6223083,9.637559
40192671,-0.9400452,2.8656409,9.513018
40192681,0.23111938,1.7399817,10.812316
40192691,0.6933582,1.23104,12.302018
40192701,0.028740235,-2.3459215,12.649296
40192711,-0.062270507,-7.164701,12.697196
40192721,-0.5664221,-9.538165,10.886561
40192731,-1.4178516,-7.6484947,7.9035645
40192741,-1.9255958,-5.8103175,5.989944
40192751,-1.7603394,-6.2402234,6.0570045
40192761,-1.9351758,-7.486831,6.668932
40192772,-2.137555,-7.4077954,6.9287915
40192782,-1.7351917,-7.411388,7.084468
40192792,-1.5759228,-10.003997,6.7970653
40192802,-1.1244617,-9.965676,6.2893214
40192812,-2.4920177,-9.346563,6.3348265
40192822,-1.6381934,-7.787406,5.9923387
40192832,0.3412903,-5.452262,4.629573
40192842,1.8669177,-6.9515443,4.684658
40192852,0.62989014,-12.986994,6.267766
40192862,0.10178833,-12.031381,4.749324
40192872,1.1244617,-9.093889,1.7256116
40192882,0.71730834,-9.53098,-0.9244775
40192892,0.38559815,-9.821975,-1.2885205
40192902,1.477727,-10.958412,-0.08981323
40192912,1.045426,-13.24326,1.8142273
40192922,1.3627661,-11.787088,3.4691858
40192932,1.7507592,-9.671089,3.4081128
40192943,1.8741028,-8.935818,2.880011
40192953,0.5652246,-8.473579,3.197351
40192963,0.27542725,-6.4090724,2.5566833
40192973,-0.31734008,-5.647456,3.3650024
40192983,-0.2838098,-6.036647,4.1733217
40192993,-1.1256592,-6.43901,5.6223083
40193003,-0.2203418,-5.2043777,4.675078
40193013,-0.20477417,-4.7696815,5.7875648
40193023,0.72928345,-6.4497876,6.444998
40193033,0.6514453,-7.829319,7.1515284
40193043,0.60354495,-8.716674,8.861572
40193053,0.9939331,-9.157357,9.675879
40193063,1.9519409,-8.502319,9.156159
40193073,2.0645068,-7.6856174,6.692882
40193083,0.77957886,-6.6401916,3.9026842
40193093,-0.067060545,-8.552615,3.2105236
40193103,0.21195923,-9.978848,3.0668225
40193113,1.2669654,-9.038804,3.1063404
40193124,1.8764977,-8.520282,2.090852
40193134,1.6274158,-8.940608,0.69096315
40193144,1.7339941,-8.356223,-0.95321774
40193154,1.2011023,-8.240065,-1.6705261
40193164,0.32811767,-8.5083065,-0.40236327
40193174,0.94962525,-10.300979,0.41194335
40193184,0.979563,-10.79076,1.1436218
40193194,0.1472937,-11.315269,1.1472144
40193204,-3.1123278,-10.0698595,0.20597167
40193214,-3.190166,-9.461525,-2.095642
40193224,-4.1242237,-8.054451,-5.500162
40193234,-2.7985804,-9.2256155,-7.2006264
40193244,-1.3603711,-10.975177,-8.425678
40193254,-0.19040406,-12.043356,-8.053253
40193264,-0.122145995,-12.981006,-4.660708
40193274,-2.0094213,-13.244458,-3.3769774
40193284,-3.984115,-12.480447,-4.7541137
40193295,-3.1015503,-11.361973,-6.1528053
40193305,-1.3160633,-9.756112,-6.478528
40193315,-0.6873706,-8.018525,-6.1073
40193325,-0.7723938,-7.8963795,-6.307284
40193335,-1.0346484,-6.836583,-5.8666005
40193345,-0.07065307,-7.877219,-5.7097263
40193355,-0.2802173,-10.314152,2.0609143
40193365,-1.6717236,-8.686736,2.9841943
40193375,-0.6730005,-5.628296,-2.633324
40193385,-0.031135254,-6.6401916,-2.071692
40193395,1.5962806,-9.59325,0.31135255
40193405,1.6705261,-9.023236,1.4082714
40193415,0.73407346,-6.8557434,1.5495776
40193425,0.8214917,-7.310797,4.748126
40193435,0.9424402,-10.784773,3.8272412
40193445,1.7998571,-11.304492,3.5230737
40193455,2.384242,-10.172846,3.1769934
40193466,2.347119,-9.068742,2.5004003
40193497,1.7064514,-7.494016,2.4836352
40193508,1.4010864,-7.0964427,3.2093263
40193518,0.9472302,-7.709568,3.9625597
40193528,0.7101233,-8.018525,3.6883302
40193538,0.19160156,-7.9430823,3.67396
40193548,0.7843689,-8.071216,3.0524523
40193558,-0.05867798,-9.730965,1.7938696
40193568,-0.6227051,-9.069939,2.4225624
40193578,0.5664221,-9.769284,2.1411474
40193588,-1.3567786,-12.128379,0.86220706
40193598,-1.7914746,-11.371552,2.4417224
40193608,-0.63587767,-10.602752,0.2562671
40193618,-0.3544629,-10.277029,-1.0083032
40193628,-0.04790039,-11.258986,-1.8142273
40193638,-0.22632934,-10.839858,-1.8741028
40193648,-0.1580713,-9.563313,-2.4177723
40193658,-1.355581,-7.9646373,-2.2585034
40193668,-2.027384,-9.918973,-2.403402
40193679,-2.1639001,-12.046948,-3.4751732
40193689,-1.3124707,-11.150013,-6.533613
40193699,-0.38440064,-10.14171,-8.308323
40193709,0.16405883,-9.455537,-8.709489
40193719,0.21435425,-10.237511,-7.8987746
40193729,-0.14250366,-10.814711,-4.9505053
40193739,-1.5591577,-11.296109,-2.8680358
40193749,-2.2728736,-11.242222,-3.7853284
40193759,-1.890868,-10.4566555,-4.9014072
40193769,-1.3879138,-9.287886,-4.123026
40193779,-0.5867798,-8.962163,-3.566184
40193789,-0.21555176,-9.091495,-2.0213964
40193799,-0.04550537,-8.889115,0.552052
40193809,0.2694397,-7.508386,-0.22752686
40193819,0.08741821,-7.340735,-2.9662316
40193829,0.1101709,-8.061636,-3.4655933
40193839,1.1436218,-8.098759,-2.1650977
40193850,1.9986438,-6.4869103,0.07903565
40193860,1.7220191,-7.3275623,2.701582
40193870,-0.027542725,-7.9203296,3.3063245
40193880,0.9592053,-7.540719,5.7935524
40193890,1.6453785,-9.714199,5.503755
40193900,2.757865,-9.280701,5.2175503
40193910,2.9362938,-8.000563,3.38536
40193920,2.3638842,-6.5012803,2.743495
40193930,2.374662,-5.3528686,1.719624
40193940,1.3783337,-5.2283278,1.0047107
40193950,1.3567786,-6.245013,1.4501843
40193960,1.3220508,-8.077204,1.9782861
40193970,0.83346677,-10.601554,1.7184265
40193980,-0.5053491,-9.671089,0.5604346
40193993,-0.97237796,-7.8161464,2.5890162
40194004,-1.7866845,-9.342971,3.9613624
40194014,-2.7470875,-11.769126,4.524192
40194024,-2.2369483,-13.385764,4.267925
40194034,-1.7663269,-12.739109,3.1937585
40194044,-1.3855188,-11.99785,2.4776478
40194054,-1.0202783,-12.812157,1.9124231
40194064,-0.8586145,-12.963043,1.2202624
40194074,-0.87777466,-11.569141,1.1400293
40194084,-0.7364685,-11.619437,-0.6095325
40194094,-0.9412427,-11.720028,-0.57001466
40194104,-0.2838098,-10.277029,-0.21076173
40194114,0.027542725,-9.495055,-1.1316468
40194124,-0.23111938,-9.490265,-1.6010705
40194134,-0.2323169,-10.904524,-2.13037
40194144,0.1963916,-10.744058,-3.2248938
40194154,0.5125342,-10.847043,-4.2787023
40194164,0.32692015,-10.359657,-3.988905
40194174,0.41433838,-10.254276,-4.572092
40194185,-0.086220704,-10.405163,-4.26074
40194195,-1.2082874,-9.541758,-4.093088
40194205,-0.97716796,-7.9742174,-4.509822
40194215,-0.4921765,-7.841294,-3.8332288
40194225,-0.11496094,-6.2941113,-3.4081128
40194235,-0.64066774,-6.4749355,-2.4369323
40194245,-0.08023316,-8.335865,-2.74589
40194255,-2.1770728,-8.922646,-5.0091834
40194265,0.41912842,-4.946913,-5.4798045
40194275,0.80113405,-3.3530273,-6.302494
40194285,1.4394068,-3.4560132,-5.9216857
40194295,1.2011023,-7.2102065,-4.4128237
40194305,1.3579761,-12.008628,-2.2537134
40194315,2.3722668,-12.203822,-0.8789722
40194325,2.7710376,-9.073531,-1.4980847
40194335,2.9327013,-8.770561,-1.5998731
40194345,2.9362938,-9.369316,0.6538403
40194356,3.2572265,-9.217233,0.6658154
40194366,3.6356397,-8.681946,-1.2525952
40194376,3.5386415,-9.697434,-3.974535
40194386,3.4655933,-9.989627,-6.2941113
40194396,3.3242872,-8.84361,-8.566985
40194406,3.3793726,-7.1120105,-10.20398
40194416,3.2045362,-7.141948,-10.195599
40194426,2.4644752,-6.963519,-6.8653235
40194436,0.46343628,-5.6103334,-6.0641894
40194446,-1.0825489,-5.1385145,-6.9994445
40194456,-0.59755737,-5.5312977,-5.771997
40194466,0.6610254,-6.547983,-5.090614
40194476,1.7232165,-8.034093,-3.5853443
40194486,1.404679,-8.725056,-4.445156
40194496,0.71730834,-7.789801,-4.4738965
40194506,0.796344,-7.220984,-5.950426
40194516,0.4538562,-7.4401283,-5.5780005
40194529,0.38799316,-8.037685,-4.247567
40194539,0.040715333,-10.019565,-4.301455
40194549,-1.3268409,-11.819422,-4.2080493
40194559,-2.1088147,-12.2577095,-4.485872
40194569,-1.2585827,-11.70925,-4.5038342
40194580,-0.6322852,-10.819501,-5.7468495
40194590,0.17483643,-10.821896,-6.422245
40194600,0.6322852,-10.388397,-5.9228835
40194610,0.33530274,-9.806408,-5.1205516
40194620,0.14370117,-8.18977,-2.147135
40194630,-0.04670288,-8.644823,0.82867676
40194640,-0.61552,-10.565629,2.44292
40194650,-0.65623534,-12.960649,3.251239
40194660,0.3065625,-13.737832,4.3613305
40194670,1.6178356,-13.622871,1.4873071
40194680,1.3268409,-11.861334,-2.3902295
40194690,1.6298108,-9.769284,-4.0811133
40194700,2.1710851,-8.387359,-2.7782226
40194710,4.0978785,-8.685538,-3.354225
40194720,4.8894324,-9.091495,-3.9457946
40194730,3.0404773,-7.8592567,-3.5362463
40194740,2.1722827,-6.854546,-4.028423
40194750,1.1064991,-8.151449,-4.091891
40194761,0.8562195,-10.504556,-2.4656725
40194771,0.70533323,-11.190729,-1.8860779
40194781,1.4166541,-10.326127,0.20237915
40194791,1.9136206,-7.643705,-0.7711963
40194801,1.8513501,-5.197192,-2.3782544
40194811,1.5807129,-3.4823585,-5.611531
40194821,2.403402,-3.7529955,-7.0581226
40194831,1.6405884,-4.998406,-6.255791
40194841,0.30057496,-8.58375,-6.260581
40194851,2.4644752,-10.232721,-5.436694
40194861,4.5445495,-9.398057,-3.735033
40194871,6.2162733,-9.554931,-3.7769458
40194881,5.22713,-9.602831,-1.8800904
40194891,4.1302114,-9.849518,-2.2118006
40194901,4.261937,-10.839858,-3.5374439
40194911,4.436774,-11.312875,-2.8620484
40194921,5.0810337,-9.707014,-3.0416749
40194931,5.4953723,-9.278306,-7.0341725
40194942,3.4811609,-11.395503,-3.3662
40194952,2.8883936,-9.651929,2.088457
40194962,0.90411985,-7.780221,1.8525476
40194972,0.10059082,-6.2941113,1.404679
40194982,1.0178833,-6.3456044,1.6286132
40194992,2.2453308,-7.4077954,3.2033386
40195002,3.5218763,-7.162306,4.4511437
40195012,4.204457,-5.805527,2.7901978
40195022,2.7542725,-6.508466,1.7723144
40195032,1.0274634,-7.7682457,1.0142908
40195042,-0.0059875487,-8.33347,-0.08023316
40195052,0.6430628,-7.909552,-0.25147706
40195062,0.104183346,-6.957532,-1.2645704
40195072,-0.14968872,-6.898854,0.29937744
40195082,0.4406836,-8.115523,4.3146276
40195092,1.2597803,-9.83395,4.429589
40195102,0.14130615,-8.837622,2.7494824
40195113,-0.55803955,-7.0221972,3.4452355
40195123,0.8945398,-8.081993,5.037924
40195133,2.5614734,-12.011023,4.4439588
40195143,2.5878186,-11.0901375,3.7961059
40195153,1.9387683,-11.833792,4.5852647
40195163,1.1208692,-11.977492,6.563551
40195173,-0.42511597,-11.175161,8.704699
40195183,2.7722352,-7.5694594,7.6401124
40195193,4.326603,-6.7994604,4.7720766
40195203,1.6274158,-11.845767,5.4235215
40195213,0.5484595,-10.960807,6.514453
40195223,1.2609777,-8.281978,6.9024463
40195233,-0.63587767,-7.5047936,7.635322
40195243,3.2165112,-4.9133825,6.7970653
40195253,2.4836352,-5.908513,7.5514965
40195269,1.3615686,-5.7444544,8.705896
40195279,1.1520044,-7.39582,10.696157
40195289,1.3232483,-8.248447,10.547666
40195299,2.2022204,-6.2162733,9.872271
40195309,1.1064991,-6.222261,9.43518
40195319,1.2370276,-6.5372057,9.815988
40195329,2.198628,-6.004314,9.479487
40195339,2.5542884,-4.237987,8.297545
40195349,2.3602917,-4.2595425,7.5035963
40195359,1.6860938,-5.261858,7.394623
40195369,2.1435425,-4.493057,7.3287597
40195379,1.6322058,-3.7625756,6.8389783
40195389,1.2717553,-3.1602283,7.1287756
40195399,0.3293152,-2.5483007,7.1754785
40195409,0.05867798,-2.3698719,6.8509536
40195419,-0.25387207,-3.2380664,6.617439
40195429,0.05149292,-4.301455,5.964796
40195440,0.48020142,-4.33259,5.722899
40195450,1.0071057,-5.1217494,5.556445
40195460,1.0011182,-6.779103,5.3193383
40195470,1.3352234,-8.291557,5.292993
40195480,1.2957056,-9.990824,5.012776
40195490,1.233435,-10.115365,5.413942
40195500,1.2681628,-9.320218,5.1193542
40195510,1.5364051,-8.53585,4.6175976
40195520,1.971101,-8.885523,3.9242394
40195530,1.7399817,-10.300979,3.263214
40195540,1.8705102,-11.049422,2.630929
40195550,1.8884729,-10.965597,1.6429834
40195560,1.7016613,-10.910511,0.3939807
40195570,1.4310242,-11.042237,0.18082398
40195580,0.61552,-11.314073,0.59156984
40195590,0.37362304,-10.593171,0.9520203
40195600,0.6658154,-9.489067,0.6753955
40195611,0.91849,-8.240065,-0.6286926
40195621,1.719624,-6.8557434,-2.2261705
40195631,2.1267774,-5.8654027,-3.7601807
40195641,1.5459851,-5.769602,-4.416416
40195651,1.0047107,-6.3228517,-3.7877233
40195661,1.1687695,-7.516769,-2.083667
40195671,0.7759863,-13.095966,1.6860938
40195681,1.2382251,-15.60475,1.1939173
40195691,0.737666,-10.98835,-1.1903247
40195701,2.381847,-4.604425,-4.277505
40195711,2.7854078,-4.691843,-4.2583447
40195721,1.9519409,-7.94907,-2.6213489
40195731,2.4608827,-7.715555,-3.6583924
40195741,3.8535864,-6.8162255,-6.0174866
40195751,4.0439906,-8.217312,-5.3373013
40195761,3.9098694,-9.080716,-2.7231371
40195771,4.030818,-9.093889,-1.8250049
40195781,4.6247826,-10.120155,-0.83825684
40195792,4.0739284,-10.522518,0.22752686
40195802,3.8200562,-11.682905,0.48618898
40195812,3.5194812,-11.844569,-1.040636
40195822,3.661985,-10.477013,-3.9026842
40195832,3.8272412,-8.511899,-6.4090724
40195842,3.8511915,-7.5742493,-8.034093
40195852,3.3278797,-7.211404,-8.195757
40195862,2.5542884,-6.6258216,-8.010143
40195872,2.1507275,-6.192323,-9.302256
40195882,2.5423133,-6.182743,-8.235274
40195892,3.0596375,-6.5048733,-6.067782
40195902,3.4212854,-6.072572,-5.0259485
40195912,3.004552,-6.046227,-3.9433997
40195922,2.3411317,-7.573052,-2.809358
40195932,1.8022522,-9.347761,-1.0669812
40195942,1.6214283,-9.826765,-1.1496093
40195952,1.3160633,-9.44955,-0.5005591
40195963,0.88974977,-8.600515,-0.07304809
40195973,0.05987549,-9.045989,-1.2789404
40195983,-0.17723145,-9.439969,0.029937744
40195993,0.26225463,-9.998009,2.6752367
40196003,-0.34727782,-10.104588,2.8392956
40196013,-0.77838135,-9.315429,-0.010777588
40196023,-0.46223876,-9.727372,-2.77463
40196033,0.41433838,-9.999207,-3.859574
40196050,1.8010547,-10.698552,-3.930227
40196060,0.48738647,-11.279345,-1.9196081
40196070,-0.2694397,-11.102113,0.47062135
40196080,-1.113684,-11.696078,1.9387683
40196090,-0.5604346,-12.062516,3.7529955
40196100,-0.0059875487,-12.485237,2.9961693
40196110,0.38919067,-11.943962,-0.22393432
40196120,0.8849597,-11.377541,-2.2333558
40196130,0.97716796,-9.999207,-1.5603552
40196140,1.9890637,-8.923842,-1.4178516
40196150,1.5639478,-9.860295,-0.5269043
40196160,2.3076012,-11.448194,-0.31374756
40196170,2.887196,-12.53673,0.7113208
40196181,3.060835,-13.876743,-1.0466236
40196191,3.453618,-14.358142,-2.1854553
40196201,3.0213172,-11.95474,-2.9303064
40196211,3.8116736,-7.076085,-3.2560291
40196221,4.0607557,-4.7960267,-2.4836352
40196231,2.711162,-5.637876,-1.4861096
40196241,1.3903089,-5.698949,0.5041516
40196251,-0.7831714,-4.958888,4.6475353
40196261,-1.1831397,-3.4284704,3.7170703
40196271,-0.38799316,-7.270082,3.4212854
40196281,-1.8357825,-9.971663,6.0318565
40196291,-0.852627,-10.424322,6.1372375
40196301,0.35925293,-9.610016,5.061874
40196311,1.2022998,-8.485554,3.7697608
40196321,1.1891272,-7.755073,4.92416
40196331,0.29817992,-7.7933936,4.9433203
40196341,-0.7089258,-7.259304,5.469027
40196352,-0.429906,-5.6438637,5.271438
40196362,-0.14130615,-4.4008484,5.7564297
40196372,0.020357667,-4.423601,6.541996
40196382,-0.6478528,-6.558761,7.777826
40196392,-3.171006,-11.06978,7.8616514
40196402,-2.6225464,-10.906919,8.6771555
40196412,0.7759863,-7.6413097,8.927435
40196422,3.1638207,-5.522915,8.938213
40196432,1.5196398,-4.4415636,7.7886033
40196442,0.97237796,-3.6823425,6.9671116
40196452,0.5137317,-2.933899,6.4378123
40196462,0.4538562,-3.2165112,5.894143
40196472,0.63468015,-4.956493,6.6821046
40196482,0.71730834,-7.5850267,7.3634877
40196492,0.22273682,-8.120314,7.225774
40196502,0.91250247,-7.296427,5.950426
40196516,0.9699829,-5.8498354,5.732479
40196526,1.1819421,-6.551576,4.0894957
40196536,-0.429906,-7.961045,3.8966968
40196546,-0.44906616,-8.320298,5.8666005
40196556,-1.0502161,-8.087981,6.963519
40196566,0.50894165,-5.4905825,6.8749037
40196576,0.1484912,-5.830675,7.6401124
40196586,-1.3280383,-7.1215906,8.210127
40196596,-1.4010864,-7.2904396,8.883127
40196606,0.4790039,-5.870193,9.304651
40196616,2.2501209,-5.3971767,9.138197
40196626,4.6104126,-4.714596,8.933423
40196637,0.22992188,-5.882168,7.801776
40196647,-2.4536974,-4.5541296,6.843768
40196657,-1.8920654,-2.1315675,5.7384667
40196667,-3.2201037,-3.7290454,5.2343154
40196677,0.49576905,-4.430786,7.162306
40196687,2.5854235,-6.3935046,8.351433
40196697,0.07664063,-8.152646,7.5395217
40196707,-0.7723938,-7.3539076,7.0748878
40196717,-1.0023156,-6.564749,6.502478
40196727,-0.54726195,-6.485713,6.979087
40196737,0.5640271,-6.744375,8.140672
40196747,0.3556604,-6.7551527,8.264015
40196757,0.11855347,-5.8198977,6.75635
40196767,0.0,-5.052294,6.643784
40196777,-0.4263135,-5.7911572,6.0402393
40196787,-1.4813195,-6.3503942,6.937174
40196797,-0.91849,-7.6389146,7.156318
40196807,0.62031007,-8.017328,8.244855
40196818,0.75682616,-8.547825,9.078321
40196828,0.4778064,-9.248368,8.407716
40196838,0.34847534,-8.723859,8.756191
40196848,2.3315516,-6.9335814,8.656798
40196858,6.029462,-5.562433,8.965755
40196868,3.8978944,-7.156318,7.7694435
40196878,-2.6177564,-3.8679566,8.034093
40196888,-6.411467,-1.22146,4.6666956
40196898,-5.498965,-1.1903247,3.473976
40196908,3.2236962,-4.493057,6.0318565
40196918,2.8728259,-7.7442956,7.8867993
40196928,-0.5712122,-11.370356,6.709647
40196938,-0.76640624,-9.473499,7.037765
40196948,0.5161267,-6.5767236,6.086942
40196958,-1.1436218,-6.4090724,5.7456517
40196968,-0.7197034,-5.8570204,6.7276096
40196978,0.25027955,-5.989944,8.200547
40196989,0.10897339,-6.0977197,6.627019
40196999,-0.4754114,-5.3049684,6.101312
40197009,0.45625123,-4.982838,3.9038818
40197019,-0.14489868,-6.564749,3.98651
40197029,-0.026345216,-8.079598,4.8822474
40197039,0.8562195,-8.596923,5.53489
40197049,-0.25027955,-11.347603,4.5613146
40197059,0.22273682,-11.269764,6.3108764
40197069,0.74485105,-11.078163,6.314469
40197079,0.4514612,-10.115365,6.340814
40197089,0.81191164,-7.2365513,6.4473925
40197099,3.3254845,-6.541996,5.0259485
40197109,4.5050316,-7.0509377,5.0558863
40197119,2.1998255,-6.724017,6.9946547
40197129,-3.0476623,-6.5108604,6.319259
40197139,-4.7517185,-6.084547,3.7038977
40197154,-2.9650342,-7.97302,2.1315675
40197164,-0.5388794,-10.091414,3.8751416
40197174,3.145858,-10.215956,5.1205516
40197184,3.3769774,-7.6425076,2.7818153
40197194,0.2574646,-7.428153,1.4082714
40197204,-1.0777588,-8.048463,1.6142431
40197214,0.31374756,-8.104746,3.3985326
40197224,1.5423926,-8.960965,5.051096
40197234,0.8322693,-9.980046,4.63077
40197244,-0.3580554,-10.226733,4.0882983
40197254,-0.20836669,-9.980046,3.4440382
40197264,0.067060545,-8.624465,2.0190015
40197274,0.8849597,-7.9299097,1.7507592
40197285,1.5639478,-7.5299416,1.6429834
40197295,2.8919861,-8.544232,0.32811767
40197305,2.1411474,-10.885364,0.17363891
40197315,0.5771997,-11.818224,1.2394226
40197325,0.9831555,-11.450588,0.4035608
40197335,0.6885681,-11.303295,1.1615845
40197345,0.9951306,-10.890154,0.85502195
40197355,0.8190967,-10.1752405,0.7220984
40197365,0.6753955,-9.671089,0.7161108
40197375,0.9448352,-9.75252,1.7112415
40197385,1.3220508,-10.227931,3.2967443
40197395,1.6346009,-9.934541,4.566105
40197405,1.5675403,-8.092771,4.7469287
40197415,0.3161426,-6.6138463,4.237987
40197425,-1.0813513,-6.0031166,2.4273522
40197435,-0.12933105,-5.960006,0.17244141
40197445,-0.37482056,-7.9155397,-0.028740235
40197455,-0.14010864,-9.297466,-0.10059082
40197466,0.6227051,-11.971505,1.658551
40197476,0.35087037,-10.619516,3.8404138
40197486,1.2466077,-9.090297,1.900448
40197496,1.3400134,-7.404203,0.96040285
40197506,1.3304334,-5.294191,0.16765137
40197516,1.5112573,-4.479884,-0.2826123
40197526,1.6956738,-4.8307543,-0.74604857
40197536,1.8705102,-6.43422,-0.4790039
40197546,2.0680993,-8.686736,-0.5999524
40197556,1.7447717,-10.202784,-1.1783496
40197566,1.8094373,-11.467354,0.17723145
40197576,1.9040406,-13.867163,2.7662475
40197586,1.6178356,-12.692406,3.7194653
40197596,1.7926722,-10.212363,3.4548156
40197606,1.8872753,-8.33347,3.2967443
40197616,2.090852,-7.580237,2.4237597
40197626,1.9974463,-7.818541,1.7435743
40197636,1.4585669,-9.443562,1.7471668
40197647,1.1639795,-11.284135,2.8512707
40197657,1.0574012,-10.096205,4.0188427
40197667,0.19160156,-8.82445,5.4953723
40197677,0.069455564,-7.5598793,7.098838
40197687,0.38799316,-6.422245,8.131091
40197697,-0.44547364,-6.7767076,8.743019
40197707,-1.5555652,-8.137079,9.447155
40197717,-2.210603,-9.388476,8.766969
40197727,-0.94842774,-8.716674,7.036567
40197737,-2.1878502,-9.236393,5.8809705
40197747,-0.859812,-5.987549,5.2307224
40197757,1.0729687,-2.210603,4.1685314
40197767,0.123343505,-1.3663586,6.5036755
40197777,-3.9194496,-2.8979735,8.6280575
40197787,-3.0835876,-6.716832,13.473183
40197797,-1.1292517,-7.662865,15.234719
40197807,0.15208374,-4.726571,12.840898
40197817,-0.50894165,-6.270161,10.095007
40197828,-0.22393432,-9.618399,9.250763
40197838,1.592688,-9.527388,8.05924
40197848,1.9327807,-9.183702,6.086942
40197858,1.3088782,-9.459129,6.2031007
40197868,0.92567503,-9.534573,6.6821046
40197878,0.52450925,-10.042316,7.2557116
40197888,1.8884729,-9.273516,7.5526943
40197898,1.7100439,-8.26641,5.0870214
40197908,1.155597,-9.528585,5.478607
40197918,1.4597644,-4.831952,4.452341
40197928,2.123185,-1.7351917,3.725453
40197938,1.7280066,-0.89932984,3.307522
40197948,-1.2741504,-5.3528686,3.2739916
40197958,-1.8034497,-9.77168,5.2654505
40197968,-0.5783972,-11.443403,5.821095
40197978,0.9316626,-12.013418,6.119275
40197988,1.0861413,-12.079281,8.721463
40197998,1.0370435,-10.40636,8.623268
40198009,-0.16884887,-7.2652917,7.500004
40198019,0.37601808,-4.1242237,5.7612195
40198029,0.9580078,-4.0739284,5.8091197
40198039,-0.027542725,-5.8091197,6.4869103
40198049,0.23950195,-3.998485,7.103628
40198059,-0.1353186,-2.9614418,8.380174
40198069,-0.013172608,-1.6154407,8.729846
40198079,-0.58558226,-1.4346167,9.157357
40198089,-0.49696654,-1.7890795,10.624307
40198099,-0.6382727,-0.07783814,11.288924
40198109,-0.9244775,1.4897021,10.98835
40198119,-0.6658154,3.8092785,9.436377
40198129,-0.7723938,3.8811293,7.835306
40198139,-0.74365354,2.205813,7.3215747
40198149,0.69575316,-0.96399534,7.8568616
40198159,0.45505372,-5.277426,6.891669
40198169,0.6059399,-6.485713,6.5431933
40198180,1.2274475,-8.787327,5.126539
40198190,0.803529,-9.912986,3.6404297
40198200,2.1315675,-10.815908,2.8285182
40198210,1.7339941,-15.637082,5.0989966
40198220,1.8812878,-18.50512,5.5935683
40198230,3.786526,-18.581758,3.935017
40198240,2.102827,-17.053736,3.885919
40198250,-0.5987549,-16.578325,7.0317774
40198260,-0.45864624,-12.599,10.872191
40198270,0.6095325,-6.148015,7.198231
40198280,0.5724097,-3.2596216,4.55892
40198290,-0.16166382,-3.4691858,6.0593996
40198300,0.29937744,-1.9770886,7.479646
40198310,0.20357665,-0.31135255,7.7682457
40198320,-1.8753003,-0.9196875,11.102113
40198330,-1.6178356,0.13292359,13.588143
40198340,0.8214917,5.3373013,10.727292
40198350,-0.70293826,4.778064,7.437733
40198361,-3.5625916,1.5579602,10.297386
40198371,-0.120948486,2.6680517,9.82916
40198381,-0.25027955,3.3973353,6.939569
40198391,-1.4441968,0.46942383,7.420968
40198401,-1.719624,-4.4655137,8.999286
40198411,-0.44786865,-6.7970653,6.4354177
40198421,-0.17363891,-9.078321,4.1709266
40198431,-0.38080812,-11.502081,4.319418
40198441,0.89334226,-11.181149,5.163662
40198451,0.82747924,-14.2060585,4.7720766
40198461,-0.74365354,-18.064434,4.28948
40198471,-0.6382727,-21.19233,5.623506
40198481,0.2945874,-20.210373,6.749165
40198491,0.43709105,-15.692168,5.877378
40198501,-0.92807007,-11.842175,5.867798
40198511,-1.4358143,-9.051976,7.67005
40198521,-0.9460327,-5.4953723,8.596923
40198531,0.17004639,-2.4022045,7.6640625
40198542,-0.085023195,-2.2561083,7.3766603
40198552,-0.84424436,-2.7446923,6.617439
40198562,-1.3040881,-1.9088305,8.5645895
40198572,-0.20237915,1.4873071,9.325008
40198582,-0.40595582,5.630691,8.812474
40198592,-1.8585352,6.124065,9.863888
40198602,-1.5208374,4.6906457,10.779983
40198612,-1.0789562,2.5315356,10.261461
40198622,-0.91489744,0.96519285,8.737031
40198632,-2.13516,-1.5867004,8.169412
40198642,-2.2680836,-4.022435,8.103549
40198652,-1.3256433,-5.619913,5.812712
40198662,-1.4956897,-7.494016,5.243895
40198672,-1.4166541,-11.488909,4.3960586
40198682,-1.3974938,-13.510305,4.4990444
40198692,-1.663341,-13.683944,5.574408
40198702,-1.5639478,-16.007113,5.0307384
40198713,-1.0753638,-20.077448,4.106261
40198723,-0.7041357,-22.690414,5.4702244
40198733,-1.2034973,-20.963606,6.274951
40198743,-1.6848962,-15.534097,5.344486
40198753,-1.7866845,-12.104428,5.716912
40198763,-2.2513185,-10.162067,7.252119
40198773,-0.47660887,-4.6882505,7.5179663
40198783,-1.6741186,-4.6080174,8.248447
40198793,-1.2633728,-9.150172,7.955057
40198803,-0.7652087,-8.420889,6.812633
40198813,-0.14968872,-4.763694,4.3960586
40198823,-1.2513977,0.6610254,4.085903
40198833,-0.80233157,6.7048573,4.1876917
40198843,-1.3136683,6.3515916,6.6749196
40198853,-2.1974304,0.6430628,9.129814
40198863,-3.2201037,-0.6706055,16.414267
40198873,1.233435,6.8341885,15.374828
40198883,-1.0837463,9.24717,10.712922
40198893,-1.1831397,4.853507,11.063793
40198904,-1.3627661,-1.1172767,10.494976
40198914,-0.87298465,-4.590055,9.467512
40198924,-1.8501526,-5.295388,7.9346995
40198934,-2.3674767,-4.702621,7.4856334
40198944,-2.0213964,-3.2081287,5.7288866
40198954,-2.6105714,-5.445077,4.54934
40198964,-0.9472302,-8.181387,2.2573059
40198974,-3.0883777,-12.751084,5.005591
40198984,-3.554209,-15.222744,3.0404773
40198994,-0.45864624,-18.288368,3.1063404
40199004,-0.1951941,-21.276155,4.387676
40199014,-0.36284545,-22.098845,4.372108
40199024,-0.4514612,-21.142035,5.1385145
40199034,-0.7316785,-17.833315,4.966073
40199044,-0.27782226,-12.675641,4.57329
40199054,-0.2574646,-8.940608,4.564907
40199064,-0.35206786,-7.938292,5.8953404
40199074,-0.37841308,-8.9022875,7.6425076
40199085,-0.16525635,-9.142987,8.519085
40199095,0.4035608,-6.3048887,6.7922754
40199105,1.4406042,-3.6571949,5.715714
40199115,2.186653,-1.228645,5.618716
40199125,1.8992505,-1.5364051,9.763297
40199135,1.5651453,-1.834585,9.086704
40199145,0.6059399,0.4754114,9.969269
40199155,0.5161267,4.8032117,8.865165
40199165,0.41194335,7.38145,9.408834
40199175,0.1592688,5.077441,10.453063
40199185,1.6549585,3.2763867,11.138039
40199195,1.9639161,1.3519886,10.468631
40199205,1.3915063,-0.9735754,9.388476
40199215,1.2969031,-4.0835085,8.007748
40199225,1.3028907,-4.461921,5.005591
40199235,0.9508228,-3.185376,3.7613783
40199245,0.45625123,-2.5554857,2.1902454
40199255,0.39877075,-2.2704785,1.6657361
40199266,0.32093263,-2.4980054,2.3686743
40199276,-3.8464015,-9.847123,6.307284
40199286,1.0777588,-3.7146752,4.035608
40199296,-1.0849439,-4.326603,3.7793407
40199306,-4.3757005,-9.105865,6.534811
40199316,-4.54934,-11.739188,7.6808276
40199326,-5.1852174,-12.755874,8.05924
40199336,-2.6153612,-9.075927,6.4557753
40199346,-3.4524207,-9.302256,5.2989807
40199356,-2.689607,-7.6496925,4.094286
40199366,-2.9794042,-8.582553,3.3805702
40199376,-3.5949242,-10.629097,3.5003211
40199386,-3.2236962,-13.033696,3.0728102
40199396,-3.4572108,-13.6647835,3.781736
40199406,-2.0513341,-12.379856,2.814148
40199416,-1.6417859,-12.767849,3.7206628
40199426,-1.101709,-12.640913,4.6092153
40199436,-1.0106982,-11.423046,4.651128
40199447,-0.91010743,-10.212363,3.8080812
40199457,-0.6969507,-9.599238,3.2308815
40199467,-0.13052857,-9.236393,2.5411158
40199477,0.305365,-8.6136875,1.9842737
40199487,0.9244775,-8.265212,1.660946
40199497,0.6322852,-7.4664736,2.283651
40199507,0.71251833,-5.8905506,2.0752845
40199517,0.5783972,-5.043911,2.1615052
40199527,0.4287085,-4.8942223,3.4284704
40199537,0.0119750975,-5.6630235,4.1637416
40199547,-0.38080812,-7.841294,5.435497
40199557,-0.48020142,-10.966794,5.0810337
40199567,-0.9508228,-12.698394,5.7516394
40199577,-1.0418335,-11.378737,4.9445176
40199587,-0.6730005,-9.655521,4.4020457
40199597,-0.6047424,-8.093968,3.1278956
40199607,-1.353186,-8.813672,4.047583
40199617,-2.5734484,-11.115286,5.7456517
40199628,-2.4117846,-10.609937,5.9492283
40199638,-1.8513501,-8.144264,4.836742
40199648,-1.8178198,-5.7660093,4.416416
40199658,-2.4297473,-4.3697133,4.88584
40199668,-3.2081287,-4.021238,7.004235
40199678,-3.7482057,-4.822372,8.898695
40199688,-3.5434313,-5.6390734,8.466394
40199698,-4.216432,-7.618557,9.0639515
40199708,-3.1302905,-7.4784484,9.745335
40199718,-3.7266505,-6.1468177,8.58375
40199728,-3.9086719,-4.8008165,8.50711
40199738,-3.8943017,-4.3230104,9.404044
40199748,-3.8511915,-4.3026524,9.105865
40199758,-4.0020776,-4.245172,9.244776
40199768,-4.1529636,-4.135001,9.444759
40199778,-4.191284,-3.6823425,9.51182
40199788,-4.078718,-3.9038818,9.437574
40199798,-4.1026683,-3.9338195,9.7884445
40199809,-3.9014869,-3.2919543,9.309441
40199819,-3.8847218,-3.08239,8.892708
40199829,-3.8835242,-3.5769618,9.299861
40199839,-3.7482057,-3.9721398,9.644744
40199849,-3.3278797,-3.9901025,9.503437
40199859,-2.577041,-2.8536658,8.143066
40199869,-2.8788135,-2.3135889,7.34792
40199879,-3.6092944,-2.9650342,8.254435
40199889,-3.7601807,-3.368595,8.969348
40199899,-3.6464171,-3.060835,8.747808
40199909,-3.5805542,-2.323169,8.322693
40199919,-3.800896,-1.7603394,7.899972
40199929,-3.8835242,-1.6178356,7.5778418
40199939,-3.812871,-1.8992505,8.1143265
40199949,-3.718268,-2.15911,8.823252
40199959,-3.6068995,-2.6093738,9.212442
40199969,-3.505111,-2.5518932,9.392069
40199979,-3.573369,-2.515968,9.335786
40199990,-3.4428406,-2.3327491,9.128617
40200000,-3.424878,-2.1926403,8.8963
40200010,-3.2955468,-1.8944604,8.686736
40200020,-3.182981,-1.6453785,8.417296
40200030,-3.1374755,-1.4166541,8.208929
40200040,-3.2105236,-1.5531702,8.005353
40200050,-3.06323,-1.8717078,7.8377013
40200060,-2.880011,-2.2824535,8.226892
40200070,-2.8333082,-3.114723,8.656798
40200080,-2.7901978,-3.424878,8.837622
40200090,-2.8153455,-3.2596216,9.231603
40200100,-2.8201356,-2.9758117,9.183702
40200110,-2.7410998,-2.7099645,9.065149
40200120,-2.7722352,-2.6464965,9.183702
40200130,-2.7937903,-2.4728577,9.171727
40200140,-2.6560767,-2.3519092,9.272318
40200150,-4.2020617,-1.284928,-23.157444
40200160,2.0633094,-1.8405725,0.34248778
40200171,-2.3291564,-4.8822474,8.205337
40200181,-2.0561242,-5.039121,10.098599
40200191,-2.4022045,-4.0044727,10.419533
40200201,-2.701582,-2.5004003,11.030262
40200211,-2.9243188,-0.7735913,9.772877
40200221,-4.1146436,-2.4812403,8.601712
40200231,-3.7721558,-3.38536,9.709409
40200241,-2.4836352,-2.9422815,9.412427
40200251,-2.6812243,-2.4860303,8.860374
40200261,-2.9710217,-2.4632776,8.982521
40200271,-3.0787976,-2.518363,9.078321
40200281,-2.9794042,-2.6297314,9.090297
40200291,-2.718347,-2.8512707,9.55014
40200301,-2.6979895,-2.8728259,9.686657
