41127926,1.6226257,-3.5829492,8.663983
41127936,1.6645386,-3.4655933,8.762179
41127946,1.7926722,-3.4967284,8.723859
41128046,1.8549427,-3.197351,9.012459
41128056,1.7878821,-3.0967603,8.998089
41128066,1.597478,-3.1482532,9.095087
41128076,1.7339941,-3.06802,9.059161
41128087,1.7914746,-3.182981,9.0639515
41128097,1.7411792,-3.222499,9.107061
41128107,1.8705102,-3.0895753,8.975336
41128117,1.8657203,-3.0356872,8.914263
41128127,1.9890637,-3.3242872,9.066346
41128137,2.0609143,-3.6092944,9.244776
41128147,1.8824854,-3.359015,9.192085
41128157,1.6441809,-3.2009437,9.012459
41128167,1.5555652,-3.214116,9.024433
41128177,1.5902929,-2.6668541,8.708291
41128187,0.8921448,-2.5554857,8.461604
41128197,1.9315833,-1.2801379,7.858059
41128207,0.28620484,-2.9027636,8.064031
41128217,0.64665526,-3.9445972,9.148974
41128227,1.0130932,-3.3650024,9.390872
41128237,0.77838135,-3.6500099,9.498648
41128247,0.735271,-3.8428087,9.705816
41128257,0.7735913,-2.8524683,9.689052
41128267,1.2418176,-2.5267456,8.87714
41128278,0.8310718,-3.3482373,8.128696
41128288,0.98674804,-3.551814,8.481961
41128298,1.3986914,-3.493136,9.129814
41128308,1.4298266,-3.3877552,9.643546
41128318,1.3220508,-3.051255,10.031539
41128328,1.1591895,-3.046465,9.922565
41128338,0.86220706,-3.1302905,9.817185
41128348,0.8250842,-2.8297155,9.503437
41128358,0.4514612,-2.1650977,9.25675
41128368,0.2562671,-2.0070264,9.473499
41128378,-0.13052857,-1.712439,9.599238
41128388,0.2215393,-1.0657837,9.702224
41128398,0.32332763,-1.233435,9.914184
41128408,0.23471192,-0.84065187,10.740465
41128418,0.26105714,-0.10657837,10.465038
41128428,0.0742456,-0.9316626,10.039922
41128438,0.05388794,-1.773512,9.879456
41128448,0.8705896,-1.1424243,9.54535
41128458,0.99752563,-0.15567628,9.437574
41128469,0.19758911,-0.2802173,9.351354
41128479,0.22632934,-0.6167175,10.49258
41128489,0.65264285,-0.6730005,11.235037
41128499,0.5005591,0.3197351,11.123669
41128509,0.34488282,1.0250684,10.654244
41128519,-0.20836669,2.0381615,9.869876
41128529,0.39517823,2.384242,9.903406
41128539,0.19758911,1.7579443,9.590856
41128549,0.08981323,1.3591735,9.316626
41128559,-0.44667113,1.5543677,8.816067
41128569,-0.38799316,2.5004003,8.58854
41128579,-0.36524048,4.0882983,9.369316
41128589,-1.3352234,4.511019,10.158475
41128599,-1.7962646,3.3422499,10.451865
41128609,-1.1591895,2.9877868,10.928474
41128619,-0.9424402,3.7601807,10.854229
41128629,-0.6143225,4.1517663,9.592053
41128639,-0.8298743,3.3937426,8.365803
41128649,-0.043110352,1.9986438,8.091574
41128660,0.5412744,1.3376184,7.658075
41128670,0.48259643,2.398612,6.932384
41128680,0.19399658,1.1364368,7.113208
41128690,-0.2586621,1.350791,7.6401124
41128700,-1.3388159,2.13037,9.18969
41128710,-2.9123437,0.75203615,10.593171
41128720,-2.5207582,0.09460327,11.173964
41128730,-2.1267774,0.37122804,10.471025
41128740,-2.6213489,0.86699706,8.0305
41128750,-2.4968078,1.6801062,6.9240017
41128760,-1.9890637,2.1064196,7.1898484
41128770,-2.2812562,2.2201831,7.9442797
41128780,-2.8057654,2.76984,8.92504
41128790,-3.1422656,3.4883459,9.066346
41128800,-2.9123437,2.0800745,8.355025
41128810,-2.9674292,1.1603869,8.23767
41128820,-2.7470875,1.6968713,8.020921
41128830,-2.1998255,0.15208374,8.756191
41128840,-1.7411792,1.6932788,9.503437
41128851,-1.9255958,2.4405248,9.936936
41128861,-2.654879,1.3172607,10.086625
41128871,-2.0680993,0.6334827,10.164463
41128881,-1.8405725,0.9783655,9.911788
41128891,-1.8166223,0.52091676,10.940449
41128901,-1.2921131,0.46223876,11.599079
41128911,-1.902843,0.0119750975,11.037448
41128921,-2.4237597,-0.5017566,11.294912
41128931,-2.9183314,-0.032332763,11.0901375
41128941,-3.556604,0.34847534,10.232721
41128951,-3.68354,0.11615845,10.284214
41128961,-3.7266505,0.5017566,10.272239
41128971,-3.7685633,0.44667113,9.872271
41128981,-3.6799476,0.023950195,9.827963
41128991,-3.4727783,-0.12933105,10.330916
41129001,-3.0320947,0.008382568,10.192005
41129011,-3.2620165,-0.81191164,10.368039
41129021,-2.7123597,-0.7544311,10.656639
41129031,-2.403402,-0.38919067,10.085427
41129042,-2.2812562,-0.09939331,9.126222
41129052,-1.660946,0.5053491,9.495055
41129062,-1.8405725,0.6370752,9.7956295
41129072,-2.2728736,0.34847534,9.953701
41129082,-2.3950195,0.11855347,9.83395
41129092,-2.6752367,-0.13651611,8.978929
41129102,-2.6860144,-0.21555176,8.437654
41129112,-2.962639,-0.7652087,8.61728
41129122,-3.1326857,-1.7675244,9.883048
41129132,-2.7375073,-1.5771203,11.236234
41129142,-2.5171654,-1.6968713,10.819501
41129152,-2.5123756,-1.597478,10.1333275
41129162,-2.1531227,-0.9783655,10.336905
41129172,-2.0680993,-0.5269043,8.892708
41129182,-1.9986438,-0.069455564,9.016051
41129192,-2.398612,0.2203418,9.395661
41129202,-3.3446448,-0.31135255,8.823252
41129212,-4.3146276,0.24069947,8.707093
41129222,-4.678671,-0.6382727,8.929831
41129233,-4.01525,-1.0442286,8.21851
41129243,-2.894381,-0.64665526,9.16574
41129253,-2.311194,-2.1650977,10.448273
41129263,-2.325564,-2.450105,10.047107
41129273,-2.6057813,-1.2094848,10.0698595
41129283,-3.0799952,-0.6011499,9.037606
41129293,-3.5278637,-0.008382568,8.264015
41129303,-3.2668066,-0.64545774,8.140672
41129313,-3.2620165,-1.1927197,8.467591
41129323,-3.7553906,-1.035846,9.016051
41129333,-3.7577856,-1.4837146,8.957373
41129343,-3.0644274,-2.4632776,10.148895
41129353,-2.994972,-3.3650024,11.686498
41129363,-2.4333398,-2.142345,11.136841
41129373,-2.4716601,-1.167572,8.914263
41129383,-2.3339465,0.17962646,8.999286
41129393,-3.3805702,0.085023195,8.060438
41129403,-2.8488758,0.8490344,7.9766126
41129413,-3.5122962,0.6813831,8.455616
41129424,-2.6596692,-0.9340576,8.825647
41129434,-2.342329,-2.7818153,10.648257
41129444,-1.2298425,-3.7577856,10.401569
41129454,-2.095642,-3.6775525,11.566747
41129464,-2.8536658,-4.0823107,10.017169
41129474,-2.647694,-1.3699511,8.443642
41129484,-2.5997937,2.7351122,7.3347473
41129494,-2.5207582,2.3602917,7.1263804
41129504,-2.2189856,0.6777905,8.577763
41129514,-2.6728418,0.7843689,8.255632
41129524,-1.9471508,0.42751098,7.975415
41129534,-2.1507275,-1.4549744,10.669812
41129544,-1.5807129,-2.3064039,11.100916
41129554,-0.7747888,-3.1566358,10.785971
41129564,-0.79993653,-5.3600535,13.262421
41129574,-1.0981164,-4.651128,12.390634
41129584,-1.6693286,-2.1902454,12.449311
41129594,-2.090852,-0.48379394,12.094849
41129605,-2.7195446,0.7759863,11.33443
41129615,-2.445315,0.6502478,8.915461
41129625,-2.4896228,-0.60234743,7.7275305
41129635,-2.1387525,-1.7208215,8.531059
41129645,-2.3052063,-2.5267456,10.235116
41129655,-2.2261705,-2.494413,12.197834
41129665,-2.3854394,-2.5494983,12.52236
41129675,-2.757865,-2.227368,12.388239
41129685,-1.9842737,-0.51971924,11.03146
41129695,-1.3974938,0.69096315,8.097561
41129705,-1.5028747,1.1280541,6.6988697
41129715,-1.9603235,0.4155359,7.1922436
41129725,-2.6033862,-0.5628296,7.8592567
41129735,-3.4679883,-1.3615686,8.643625
41129745,-3.6595898,-1.5196398,9.499845
41129755,-3.8116736,-1.2609777,10.0770445
41129765,-3.5853443,-0.8095166,9.85311
41129775,-3.3003368,-0.11376343,9.944121
41129785,-2.569856,-0.12813355,9.527388
41129796,-2.2022204,-0.032332763,8.986114
41129806,-2.0896544,-0.5664221,8.92025
41129816,-2.1088147,-0.6274951,8.723859
41129826,-2.0333717,0.0742456,8.278385
41129836,-2.217788,0.97597045,8.093968
41129846,-2.393822,1.3244458,8.29036
41129856,-2.743495,2.5542884,8.281978
41129866,-2.562671,3.561394,8.389753
41129876,-2.0022364,4.7062135,8.672366
41129886,-2.4417224,4.5792775,8.193362
41129896,-0.5041516,3.7386255,7.435338
41129906,-0.35925293,2.638114,7.0904555
41129916,-1.1543994,2.7027795,8.558602
41129926,-1.0083032,2.215393,11.309282
41129936,-0.70293826,2.3459215,13.261223
41129946,-0.9951306,1.7531543,12.600198
41129956,-1.6130457,2.6249413,10.976375
41129966,-0.8909473,3.3123121,8.84361
41129976,-1.4142591,4.467909,7.916737
41129986,-1.0921289,4.169729,9.187295
41129997,-0.58438474,2.095642,10.570418
41130007,0.16046631,1.7399817,10.70454
41130017,-0.26584718,3.7793407,8.92504
41130027,-1.3040881,4.684658,8.436457
41130037,-1.1975098,2.9482691,9.81479
41130047,-0.74006104,0.7640112,11.484118
41130057,-0.17004639,0.6215076,11.327245
41130067,-1.2549902,1.8106347,10.249486
41130077,-1.4513818,2.8620484,9.873468
41130087,-2.147135,1.8549427,9.75731
41130097,-1.9184107,0.7747888,9.869876
41130107,-2.1722827,1.9962487,9.131012
41130117,-3.4452355,2.6069787,8.01613
41130127,-3.7434156,3.5170863,7.8724294
41130137,-4.2008643,3.3039293,7.9646373
41130147,-4.4882665,3.4524207,8.008945
41130157,-4.528982,4.3517504,7.6688523
41130167,-4.2834926,3.9122643,7.7754307
41130178,-3.9445972,3.011737,8.208929
41130188,-3.6368372,2.7027795,7.8951817
41130198,-3.9410048,3.2799792,7.5766444
41130208,-3.5578015,3.2093263,7.5395217
41130218,-3.1686108,2.6656568,7.813751
41130228,-2.8404932,2.1279747,8.038883
41130238,-2.7099645,1.4358143,8.496332
41130248,-2.826123,1.5783179,9.563313
41130258,-3.473976,1.8693128,9.695039
41130268,-3.849994,2.4225624,9.7393465
41130278,-3.119513,2.8452833,9.441167
41130288,-3.102748,2.8165429,8.416099
41130298,-2.8692334,2.210603,7.984995
41130308,-2.8500733,2.0213964,8.375383
41130318,-3.3530273,2.290836,8.826844
41130328,-3.4691858,3.258424,9.697434
41130338,-3.3745825,3.5374439,10.003997
41130348,-3.102748,3.5362463,10.07944
41130358,-2.809358,3.634442,10.059082
41130369,-2.8764184,3.9218445,10.097403
41130379,-2.6776319,3.988905,9.362131
41130389,-2.4536974,4.296665,8.679551
41130399,-2.1974304,4.336183,8.217312
41130409,-2.4656725,3.5673816,8.198152
41130419,-2.3363416,3.3434472,9.206455
41130429,-2.2848487,3.4943335,9.584868
41130439,-2.4560926,3.2751892,9.817185
41130449,-2.8081603,2.7734327,9.863888
41130459,-2.5614734,2.8321106,10.509346
41130469,-2.44292,2.762655,9.965676
41130479,-2.2285657,2.4968078,9.471105
41130489,-2.330354,2.6213489,8.885523
41130499,-2.7878027,2.3590941,8.178991
41130509,-3.2500415,1.961521,8.448431
41130519,-3.8978944,2.7051744,8.438851
41130529,-3.554209,2.9051588,8.6136875
41130539,-3.2476466,2.6488917,9.442365
41130549,-3.2500415,2.0920496,9.18011
41130560,-2.933899,2.1159997,9.239985
41130570,-3.1183155,2.1650977,10.001601
41130580,-3.1889684,1.5567627,9.650731
41130590,-2.8764184,1.848955,10.023157
41130600,-2.906356,1.8321899,9.954899
41130610,-2.889591,1.6214283,10.2458935
41130620,-2.9877868,1.7387842,10.6255045
41130630,-3.3494349,1.4382092,9.76689
41130640,-3.0225146,2.193838,9.88185
41130650,-2.8440857,2.870431,10.619516
41130660,-2.8764184,3.0344896,9.8590975
41130670,-2.7614574,2.3207738,9.372909
41130680,-2.8249254,2.2010229,9.171727
41130690,-3.1123278,2.2632935,8.932225
41130700,-3.1350806,1.6860938,8.576565
41130710,-3.326682,1.6250207,9.065149
41130720,-3.2356713,1.3771362,9.002878
41130730,-3.2895594,1.2765454,8.556208
41130740,-3.0799952,0.9424402,9.048384
41130751,-2.1052222,1.0921289,9.347761
41130761,-2.0525317,1.1819421,10.121352
41130771,-2.0118165,1.3759388,11.05541
41130781,-1.8094373,1.7579443,10.623109
41130791,-2.1255798,2.039359,9.744137
41130801,-2.8357031,1.0633887,10.124945
41130811,-3.1602283,1.8645227,8.957373
41130821,-3.5194812,2.523153,7.66047
41130831,-3.0452673,0.47421387,7.277267
41130841,-2.3686743,0.91489744,9.432784
41130851,-1.6920813,2.15432,11.227852
41130861,-2.386637,2.1650977,10.880573
41130871,-2.5207582,1.9507434,9.993219
41130881,-2.7075696,1.1448194,10.0135765
41130891,-3.129093,0.1963916,9.26154
41130901,-3.6033068,-0.34847534,9.131012
41130911,-3.251239,0.7424561,8.6699705
41130921,-3.1566358,0.86699706,8.63165
41130931,-2.8967762,-0.41194335,8.699908
41130941,-3.129093,0.5388794,11.133248
41130952,-3.018922,0.6227051,10.587184
41130962,-2.689607,0.8298743,10.356065
41130972,-2.6369164,0.5999524,9.119037
41130982,-3.1554382,0.7652087,9.605226
41130992,-3.6140845,1.0550061,9.971663
41131002,-3.1051428,1.4322217,8.890312
41131012,-2.8955786,1.1424243,8.176597
41131022,-2.6417065,0.31734008,9.381291
41131032,-2.9877868,0.40116578,9.527388
41131042,-2.7901978,1.1304492,8.947793
41131052,-2.809358,0.66342044,7.756271
41131062,-3.0524523,1.0298584,8.801697
41131072,-3.0572424,2.262096,9.260343
41131082,-3.3350646,2.337539,9.437574
41131092,-2.9027636,2.2824535,9.214838
41131102,-2.3483167,2.2656884,8.914263
41131112,-3.075205,-0.065863036,8.830437
41131122,-2.9817994,-1.033451,11.570339
41131132,-2.3339465,-0.39757323,10.958412
41131143,-2.8225305,-0.3796106,10.056687
41131153,-2.943479,-0.082628176,9.769284
41131163,-2.618954,0.98674804,8.93462
41131173,-3.1841784,1.5399976,9.358539
41131183,-3.3398547,1.2609777,9.672286
41131193,-2.8285182,0.93286014,9.074729
41131203,-3.2620165,0.368833,8.978929
41131213,-3.321892,-0.09580078,8.753797
41131223,-3.2596216,-0.8969348,8.904682
41131233,-2.1052222,-0.38559815,9.357342
41131243,-2.1136048,-0.10657837,9.467512
41131253,-2.7494824,0.7592212,9.480685
41131263,-3.0668225,2.5411158,10.138118
41131273,-3.171006,2.6776319,8.93462
41131283,-3.3626075,1.8537451,8.238867
41131293,-3.9625597,0.33410522,8.674761
41131303,-3.8679566,-0.29219237,8.817265
41131313,-3.5362463,-1.3340259,8.966953
41131323,-3.0033545,-2.217788,10.672207
41131333,-2.8177404,-2.1411474,11.722424
41131344,-2.8524683,-0.4538562,10.448273
41131354,-2.1998255,0.64186525,9.877061
41131364,-2.2776635,1.2154725,9.59325
41131374,-2.5842261,0.57959473,9.319021
41131384,-2.7566674,0.32811767,9.096284
41131394,-2.8369007,-0.82747924,7.848479
41131404,-2.870431,-1.4992822,8.317903
41131414,-4.0332127,-2.027384,9.157357
41131424,-4.484674,-1.0310559,10.68059
41131434,-4.387676,0.59276736,10.001601
41131444,-3.7529955,1.8333875,8.890312
41131454,-2.6800268,2.4980054,9.212442
41131464,-2.757865,0.9136999,9.996812
41131474,-1.4813195,0.10538086,10.065069
41131484,-0.9699829,-0.69575316,9.580078
41131494,-0.61911255,-2.2141955,10.163265
41131504,-1.9100281,-1.9459534,9.022038
41131514,-2.7997777,-0.0742456,7.4245605
41131524,-3.9433997,1.5435901,8.315508
41131535,-4.1290135,1.3376184,8.167017
41131545,-3.2033386,1.2633728,8.804091
41131555,-3.0332923,-1.2681628,9.284293
41131565,-2.2453308,-2.1770728,11.937975
41131575,-2.3052063,-2.339934,12.937896
41131585,-1.8142273,-1.4358143,12.406201
41131595,-2.0776794,-1.5998731,10.773995
41131605,-2.1459374,0.17723145,9.080716
41131615,-2.071692,2.0166063,7.340735
41131625,-3.2284863,0.62031007,7.9251194
41131635,-3.4440382,-0.66940796,8.771759
41131645,-3.573369,-0.8322693,7.543114
41131655,-2.9147387,-1.353186,7.028185
41131665,-2.7878027,-4.3840833,8.498727
41131675,-2.8129504,-6.035449,11.013497
41131685,-2.4824378,-4.021238,14.06116
41131695,-3.1111305,-0.81191164,13.927038
41131705,-4.0092626,3.6476147,12.96903
41131715,-3.2931519,7.658075,10.083033
41131725,-3.258424,7.1682935,8.739427
41131735,-3.1123278,2.8512707,10.223141
41131746,-2.1459374,0.13771363,9.51182
41131756,-1.4585669,-2.77463,9.760902
41131766,-1.9746937,-5.349276,11.390713
41131776,-2.0118165,-5.126539,12.24334
41131786,-2.877616,-3.0356872,12.006233
41131796,-3.0740075,-0.065863036,12.048145
41131806,-3.0847852,1.6920813,11.643388
41131816,-3.307522,1.8178198,10.479408
41131826,-2.6201513,2.5734484,8.986114
41131836,-1.8226099,2.3566992,7.523954
41131846,-2.1016297,0.62031007,7.0641103
41131856,-2.1806653,-0.7879614,7.39582
41131866,-2.083667,-1.8070422,8.034093
41131876,-2.0800745,-1.9699036,8.662786
41131886,-1.7615368,-1.6765137,9.286688
41131896,-1.6848962,-1.2502002,9.4507475
41131906,-1.8214123,-0.85142946,9.55972
41131916,-1.6262183,-0.58079225,9.906999
41131926,-1.653761,-0.081430666,9.750125
41131936,-1.4837146,0.53049684,9.783655
41131947,-1.1508069,1.0609937,9.9572935
41131957,-1.1292517,1.2621753,9.849518
41131967,-1.2178674,1.2561878,9.437574
41131977,-1.284928,1.0597961,8.880733
41131987,-1.1759546,0.8490344,8.759784
41131997,-0.9340576,0.54247195,9.156159
41132007,-0.6646179,0.23471192,9.188493
41132017,-0.6933582,-0.09220825,9.335786
41132027,-0.5867798,-0.9783655,10.153686
41132037,-0.3915857,-1.5723304,10.565629
41132047,0.36164796,-1.8693128,10.6817875
41132057,-0.69575316,-1.6597486,10.624307
41132067,0.1353186,-1.3256433,11.102113
41132077,0.27662477,-1.0909314,11.06499
41132087,-0.16046631,0.1592688,10.918894
41132097,-0.5125342,1.0717713,11.473341
41132107,-0.6777905,1.6657361,12.3104
41132117,-1.0849439,1.8190173,11.838581
41132127,-1.219065,1.7339941,12.391831
41132137,-0.75203615,2.166295,11.643388
41132148,-0.97237796,2.6057813,9.86748
41132158,-0.9196875,1.4358143,8.950188
41132168,-0.53169435,0.81550413,9.159752
41132178,-0.15328126,0.5484595,9.836346
41132188,-0.20357665,2.3483167,10.926079
41132198,0.3197351,2.4908204,10.165661
41132208,-0.5388794,3.0249097,8.6771555
41132218,-0.033530273,2.7949877,7.2161937
41132228,-0.04670288,3.9553747,8.6771555
41132238,-0.53049684,5.8965383,7.33355
41132248,-1.6334033,6.468948,6.098917
41132258,-2.1459374,5.645061,6.258186
41132268,-1.1999048,5.3373013,5.445077
41132278,-0.37841308,5.4534593,4.414021
41132288,-0.9196875,3.3326697,5.7384667
41132298,-1.5843054,2.645299,8.141869
41132308,-2.015409,3.502716,9.895023
41132318,-3.0919702,3.622467,10.602752
41132328,-3.3913476,4.566105,11.601475
41132338,-2.7219398,5.356461,10.261461
41132348,-3.133883,4.269122,8.919053
41132359,-3.018922,5.85223,7.8173437
41132369,-3.171006,7.8939843,5.889353
41132379,-3.8895118,9.023236,5.483397
41132389,-4.1852965,9.311836,5.9001307
41132399,-4.7864466,9.108259,5.8510327
41132409,-4.5301795,8.836425,7.597002
41132419,-4.4655137,8.659193,8.468789
41132429,-4.3960586,7.2808595,7.8448863
41132439,-5.125342,2.3064039,7.841294
41132449,-8.86277,-0.2323169,8.673563
41132459,-5.696554,4.411626,9.49745
41132469,-4.106261,5.980364,7.091653
41132479,-5.498965,5.1504893,5.9145007
41132489,-5.694159,3.6631823,6.995852
41132499,-5.266648,2.0645068,8.064031
41132509,-4.770879,2.7806177,8.432864
41132519,-4.55892,3.8368213,6.673722
41132529,-5.012776,3.7769458,6.5683413
41132539,-5.4750147,6.148015,6.6330066
41132549,-6.1695704,4.9038024,7.389833
41132560,-5.830675,4.637955,8.361013
41132570,-5.4247193,4.740941,6.4354177
41132580,-5.134922,4.003275,4.931345
41132590,-5.4175344,2.8572583,4.8103967
41132600,-5.771997,3.314707,4.3565407
41132610,-6.9036436,3.610492,3.98651
41132620,-7.588619,4.012855,3.2991395
41132630,-7.282057,5.4414845,3.3662
41132640,-7.179071,5.6726036,4.5984373
41132650,-6.876101,5.5995555,5.4187317
41132660,-6.11688,7.3575,4.797224
41132670,-6.060597,7.4964113,4.4643164
41132680,-6.2989016,7.0712953,5.372029
41132690,-6.143225,5.6330857,5.052294
41132700,-5.7839723,6.319259,4.4595265
41132710,-6.253396,6.1228676,3.869154
41132720,-6.634204,6.955137,3.7517982
41132730,-6.9311867,6.5575633,3.6440222
41132740,-7.010222,6.108497,5.5935683
41132751,-7.0880604,7.36229,5.5193224
41132761,-6.3695545,5.967191,4.8247666
41132771,-6.5360084,6.3048887,6.2150755
41132781,-7.021,4.4475513,6.983877
41132791,-6.342012,4.4906616,6.925199
41132801,-5.686974,5.750442,6.2713585
41132811,-6.119275,6.2246556,6.925199
41132821,-6.771918,5.652246,7.95386
41132831,-6.8341885,6.4557753,6.549181
41132841,-6.868916,5.540878,5.5432725
41132851,-6.589896,3.6871326,6.6581545
41132861,-6.1767554,3.7793407,6.029462
41132871,-6.6749196,2.8680358,5.6486535
41132881,-6.861731,3.7158728,5.960006
41132891,-7.484436,2.962639,6.211483
41132901,-6.9527416,2.7399023,6.7850904
41132911,-6.979087,2.8740234,7.270082
41132921,-7.021,3.3386571,7.364685
41132931,-7.2485266,3.854784,7.988588
41132941,-7.5287437,4.4786863,7.682025
41132952,-7.0581226,5.686974,7.4880285
41132962,-6.7623377,6.6413894,7.1168003
41132972,-6.4018874,7.5658665,6.558761
41132982,-6.72282,8.793314,6.47733
41132992,-6.0809546,8.7825365,6.1204724
41133002,-6.41985,8.717871,6.4893055
41133012,-6.277346,8.532257,5.710924
41133022,-6.502478,8.145461,5.093009
41133032,-6.412665,7.7131605,5.410349
41133042,-6.0330544,6.3432093,5.621111
41133052,-5.629493,5.53489,5.576803
41133062,-5.4067564,5.100194,6.2150755
41133072,-4.8032117,5.0163684,6.221063
41133082,-4.2667274,4.9085927,5.5684204
41133092,-3.98651,4.479884,5.556445
41133102,-4.1218286,3.7685633,6.5623536
41133112,-3.6092944,2.4249573,6.2869263
41133122,-3.7721558,1.0035132,6.844966
41133132,-3.3290772,0.305365,6.7970653
41133142,-3.3326697,0.07783814,7.1072206
41133153,-3.004552,-0.5053491,7.35271
41133163,-2.4237597,-0.82867676,7.029382
41133173,-1.8202149,-0.34608033,7.1347632
41133183,-1.1352392,0.31374756,6.828201
41133193,-0.48499146,0.5640271,5.8666005
41133203,0.0071850587,0.37601808,5.7121215
41133213,0.552052,0.021555176,5.1720448
41133223,0.9412427,-0.34727782,4.740941
41133233,1.2561878,-0.75083864,4.3457627
41133243,1.712439,-0.9831555,4.1397915
41133253,2.8512707,-1.5902929,4.3278003
41133263,3.7050953,-3.5134935,3.9948926
41133273,3.6943176,-5.708529,5.1612673
41133283,3.6440222,-7.848479,6.715635
41133293,3.5721717,-8.600515,7.8891945
41133303,3.485951,-9.133407,8.186176
41133313,3.4236803,-8.787327,8.298742
41133323,3.4033227,-7.7981834,7.8424916
41133333,3.4152977,-6.6162415,7.3275623
41133344,3.1841784,-6.638994,6.2881236
41133354,2.8081603,-6.9587293,5.637876
41133364,2.4824378,-7.2904396,5.3456836
41133374,2.3698719,-7.6413097,5.4558544
41133384,1.8250049,-7.884404,5.7875648
41133394,1.3759388,-7.994575,6.4090724
41133404,0.79514647,-8.442444,7.03058
41133414,0.53289187,-8.570578,6.821016
41133424,0.6825806,-8.493937,6.8533483
41133434,0.37362304,-8.97294,6.595884
41133444,0.5652246,-9.062754,5.8402553
41133454,0.97118044,-9.048384,5.5588403
41133464,0.803529,-9.677076,6.0414367
41133474,0.7268884,-9.904603,6.524033
41133484,1.2765454,-9.055569,6.43422
41133494,1.7986597,-8.313113,5.7636147
41133504,2.3339465,-8.05924,5.325326
41133514,2.5782385,-8.296348,5.309758
41133524,2.3459215,-9.096284,6.5048733
41133535,2.2297633,-9.83395,7.411388
41133545,2.2141955,-9.806408,7.2808595
41133555,2.3638842,-9.896221,6.8677187
41133565,2.4333398,-10.200388,6.1061025
41133575,2.501598,-10.536888,6.1061025
41133585,2.4584875,-9.929751,5.879773
41133595,2.7494824,-8.517887,5.031936
41133605,2.7303224,-7.1778736,4.3912683
41133615,2.9219239,-6.3048887,3.7110827
41133625,2.6812243,-5.8905506,4.3002577
41133635,2.2896388,-5.908513,4.0882983
41133645,2.8788135,-5.221143,2.718347
41133655,3.2727942,-7.452103,2.0357666
41133665,2.5926087,-13.026511,5.6414685
41133675,2.186653,-15.104191,6.055807
41133685,1.526825,-11.667337,6.16478
41133695,1.1412268,-7.7993813,5.4702244
41133705,1.3699511,-6.1599903,5.229525
41133715,2.0800745,-7.38145,4.5984373
41133725,2.1124072,-9.359736,4.1829014
41133736,2.2094054,-9.770482,3.182981
41133746,1.7028589,-8.976533,2.1962328
41133756,1.4645544,-7.2832546,1.0717713
41133766,1.3867164,-5.5289025,1.2513977
41133776,1.6477734,-5.419929,2.3686743
41133786,1.8776953,-6.4402075,4.096681
41133796,1.7555493,-8.035291,5.1145644
41133806,1.3112732,-8.383766,5.3923864
41133816,1.3256433,-7.9766126,5.4402866
41133826,1.9184107,-8.129894,5.2678456
41133836,2.2465284,-8.268805,4.750521
41133846,2.459685,-7.940687,4.3134303
41133856,2.4800427,-8.177794,4.3002577
41133866,2.5614734,-8.389753,5.0570836
41133876,2.703977,-7.965835,5.22713
41133886,2.9650342,-7.465276,5.81391
41133896,3.0692174,-7.442523,6.285729
41133906,2.9422815,-7.38145,6.8317933
41133916,2.9961693,-7.2856493,7.0724926
41133926,3.4200878,-6.9683094,6.9192114
41133937,3.6500099,-6.622229,6.827003
41133947,3.7553906,-6.255791,7.662865
41133957,3.913462,-5.78996,7.9993653
41133967,3.1482532,-5.4462743,8.072413
41133977,3.0776,-5.0175657,8.635242
41133987,3.2009437,-4.678671,8.941806
41133997,3.1482532,-4.261937,8.514295
41134007,3.4608033,-2.9686267,8.819659
41134064,2.9734168,-2.4285498,8.9022875
41134074,2.7842102,-1.8884729,8.867559
41134084,2.5590785,-1.3196558,8.986114
41134094,2.823728,-0.033530273,8.8316345
41134104,2.7410998,1.1292517,8.759784
41134114,2.4525,1.5759228,8.719069
41134125,2.3974144,1.5747254,9.141789
41134135,2.5099804,1.1184741,9.505833
41134145,2.7470875,0.7209009,9.44955
41134155,3.1350806,1.0130932,9.245973
41134165,3.2356713,1.3448035,9.317823
41134175,3.1015503,1.1819421,9.133407
41134185,3.2045362,1.5423926,9.1693325
41134195,3.2727942,1.6429834,9.3453665
41134205,3.3805702,1.2094848,9.686657
41134215,3.5350487,1.0298584,9.944121
41134225,3.8152661,1.4406042,9.574091
41134235,3.5805542,1.9603235,9.126222
41134245,3.2668066,2.2932312,8.871152
41134255,3.2440538,2.2920337,8.656798
41134265,3.1350806,2.445315,8.681946
41134275,3.1123278,2.7339149,9.024433
41134285,2.8620484,2.623744,9.230405
41134295,2.6225464,2.4525,9.638756
41134305,2.5638685,2.2752686,9.7393465
41134315,2.2513185,2.5435107,9.352551
41134326,2.2357507,2.8919861,9.057964
41134336,2.274071,2.5530908,8.90588
41134346,1.8669177,2.1974304,8.729846
41134356,1.8453625,2.2704785,8.806487
41134366,1.9267932,2.5530908,9.1130495
41134376,1.6130457,2.6812243,9.375304
41134386,1.5807129,2.630929,9.657916
41134396,1.7986597,2.7087672,9.536968
41134406,1.9531385,2.645299,8.790919
41134416,2.1435425,2.6273365,8.422086
41134426,2.430945,2.2441332,8.383766
41134436,2.4177723,2.311194,8.533455
41134446,2.0082238,2.9841943,8.818462
41134456,2.7207422,3.3602123,8.798104
41134466,1.8812878,3.7996986,9.086704
41134476,1.7950672,3.0859826,8.788525
41134486,1.5843054,1.8214123,8.850795
41134496,2.5734484,1.3879138,8.823252
41134506,2.3123913,2.4776478,8.087981
41134516,1.5112573,3.1793885,9.147778
41134527,0.8861572,2.269281,10.13692
41134537,1.284928,1.0609937,10.589579
41134547,2.0261865,-0.124541014,10.939252
41134557,2.0704944,-0.27542725,9.806408
41134567,2.0944445,1.5184424,8.323891
41134577,1.7986597,1.9208057,8.778944
41134587,0.8693921,2.1818628,8.764574
41134597,0.920885,3.060835,9.412427
41134607,0.53049684,4.4738965,9.340576
41134617,-0.04670288,5.6558385,8.85798
41134627,-0.26464966,6.074967,9.386082
41134637,-0.6286926,4.742139,10.45905
41134647,-0.028740235,3.3530273,9.953701
41134657,0.98674804,2.430945,9.724977
41134667,1.5986755,1.9303857,9.944121
41134677,1.6597486,2.0405567,10.243499
41134687,1.6405884,1.7471668,11.018288
41134697,1.0047107,0.9687854,11.733201
41134707,0.69455564,1.2597803,11.572735
41134717,0.6047424,1.719624,11.371552
41134728,0.26105714,1.726809,11.183544
41134738,0.5640271,1.4597644,10.665022
41134748,0.6622229,-0.17004639,11.117681
41134758,1.0657837,-0.21435425,10.817105
41134768,1.3172607,0.016765136,10.773995
41134778,1.4645544,-0.07304809,10.702145
41134788,1.3172607,-0.68018556,10.441088
41134798,1.6010705,0.4921765,9.210048
41134808,0.45625123,1.2765454,8.325088
41134818,-0.9077124,1.465752,8.768167
41134828,-1.3759388,0.6969507,9.721384
41134838,-1.3136683,-0.32332763,9.745335
41134848,-1.2777429,-0.7388635,9.18969
41134858,-0.96160036,-1.233435,9.2328005
41134868,-0.6777905,-1.3352234,9.019644
41134878,-0.30296996,-1.2382251,8.032895
41134888,-0.73407346,-1.7447717,8.909472
41134898,-0.5831873,-0.99752563,8.937016
41134908,-1.1172767,-0.40835083,10.225536
41134918,-1.1424243,-0.552052,10.77639
41134929,-0.75562865,0.10178833,10.45905
41134939,-1.0023156,0.6753955,10.775193
41134949,-1.047821,1.2442126,10.72849
41134959,-1.155597,0.8705896,9.267529
41134969,-0.72808594,0.5628296,10.144105
41134979,-0.38799316,1.0897338,9.372909
41134989,-0.81789917,-0.7496411,8.738229
41134999,-0.7975415,-1.775907,9.582473
41135009,-0.9903406,-2.6057813,9.935739
41135019,-1.3651612,-2.6441016,10.213561
41135029,-1.3388159,-1.9291883,10.418335
41135039,-1.9435583,-0.86100954,11.4769335
41135049,-2.0285816,0.034727782,12.128379
41135059,-2.1016297,0.432301,10.763218
41135069,-1.346001,0.79394895,10.006392
41135079,-1.9746937,-0.17842895,8.711884
41135089,-2.3387365,-1.169967,8.998089
41135099,-2.0441492,-1.4549744,9.327404
41135109,-0.6861731,-1.0490185,9.687854
41135119,-1.0394385,-1.2058923,10.48779
41135130,-1.0765613,-0.72808594,10.79555
41135140,-1.6525635,0.48858398,9.873468
41135150,-2.2022204,2.0621119,9.103469
41135160,-1.2418176,0.56881714,7.532336
41135170,-0.30177248,-19.078726,-10.671009
41135180,-23.020927,13.862373,26.16439
41135190,21.315674,11.8565445,8.32868
41135200,-8.668774,-15.525714,-2.4932153
41135210,-0.22393432,-5.1612673,14.756913
41135220,1.900448,2.7866051,9.5070305
41135230,-4.9457154,1.4837146,7.6329274
41135240,-0.5029541,-0.73407346,11.41586
41135250,0.032332763,-6.646179,11.106903
41135260,0.10178833,-9.131012,10.584789
41135270,2.6716442,-4.3026524,14.322217
41135280,1.5208374,-0.7101233,13.467195
41135290,0.31374756,-0.75562865,10.403965
41135300,-1.1999048,6.915619,7.96344
41135310,1.6741186,3.0644274,7.0557275
41135320,-1.5256275,-2.13037,9.590856
41135331,-0.59276736,-0.8083191,10.402767
41135341,-1.7675244,0.368833,9.552535
41135351,-2.9961693,0.36164796,10.192005
41135361,-2.501598,0.5113367,11.716435
41135371,-2.1363573,-0.5604346,11.066188
41135381,-1.4178516,-1.890868,10.426718
41135391,-0.09580078,0.0047900393,10.202784
41135401,0.21076173,2.1327648,9.474697
41135411,-1.2969031,0.6514453,9.727372
41135421,-1.5483801,0.5065466,10.965597
41135431,-0.6394702,0.40236327,10.736873
41135441,-0.5221143,0.10777588,10.067465
41135451,-0.20716919,-0.07664063,9.770482
41135461,-0.08861572,-1.0921289,10.104588
41135471,-0.10298584,-1.1412268,10.909314
41135481,0.067060545,-0.41912842,10.471025
41135491,-0.20237915,0.09580078,9.880653
41135501,-0.34608033,0.15328126,9.762099
41135511,-0.20357665,0.5939648,9.721384
41135521,-0.21315674,0.87178713,9.656719
41135532,-0.33410522,1.3843213,9.348959
41135542,-0.44906616,1.2957056,8.825647
41135552,-0.45026368,1.3100756,8.836425
41135562,-0.39996827,1.113684,8.460406
41135572,-0.4921765,1.0502161,9.181308
41135582,-0.2574646,0.66701293,9.301059
41135592,-0.4071533,0.5041516,9.515412
41135602,-0.51013917,0.59276736,9.872271
41135612,-0.31374756,1.4418018,9.875863
41135622,-0.13651611,2.3974144,9.941726
41135632,-0.05628296,2.7913952,9.639954
41135642,0.11376343,2.7961853,9.310638
41135652,0.4071533,2.823728,8.931027
41135662,0.5149292,2.7973828,8.436457
41135672,0.5125342,2.9219239,8.586145
41135682,0.50774413,3.4009278,8.291557
41135692,0.41912842,2.8656409,8.048463
41135702,0.6442602,1.6441809,8.814869
41135712,1.1855347,0.41194335,9.633966
41135722,1.6166382,-0.4394861,10.384805
41135733,2.1040246,-0.9316626,10.606344
41135743,2.3590941,-0.7580237,10.414742
41135753,2.5004003,-0.10059082,9.963282
41135763,2.5590785,0.22513184,9.378897
41135773,2.5207582,0.28740233,8.980125
41135783,2.562671,-0.1592688,8.853189
41135793,2.689607,-0.6215076,8.996891
41135803,3.0692174,-1.2070899,9.3872795
41135813,3.3003368,-1.5507752,9.448352
41135823,2.9877868,-1.84656,9.170529
41135833,2.6716442,-1.7998571,8.657995
41135843,2.3159838,-1.7040564,8.437654
41135853,2.1183949,-1.6920813,8.315508
41135863,2.0501368,-1.7747095,8.957373
41135873,1.9519409,-2.2764661,9.116642
41135883,2.262096,-2.757865,9.128617
41135893,2.6177564,-3.0296998,9.15137
41135903,2.7446923,-2.77463,9.22322
41135913,2.43813,-2.0249891,9.292676
41135923,2.3315516,-1.6980689,9.072334
41135933,2.2920337,-2.2046156,9.083112
41135944,2.642904,-2.7878027,9.026829
41135954,2.738705,-2.5363257,8.534652
41135964,2.9099488,-1.4561719,7.9694276
41135974,2.9518616,-0.9017249,7.4568934
41135984,2.9374914,-0.86100954,6.843768
41135994,2.9734168,-1.4920971,8.199349
41136004,2.5291407,-2.7375073,9.748927
41136014,2.3219714,-3.6188745,11.068583
41136024,2.4644752,-2.9985645,11.783496
41136034,2.762655,-2.5830286,11.238629
41136044,2.3519092,-1.5256275,11.378737
41136054,1.7938696,-0.027542725,9.866283
41136064,2.3387365,1.1196716,9.80042
41136074,2.3495142,0.22872436,8.88193
41136084,2.2441332,-0.61791503,8.830437
41136094,2.430945,-0.23830444,8.828042
41136104,1.5914905,1.1160791,7.841294
41136114,0.92807007,2.809358,6.8485584
41136124,0.16046631,3.321892,6.900051
41136134,-0.20716919,3.1937585,7.3982153
41136145,0.7268884,2.13037,8.946595
41136155,1.3016931,1.1783496,8.913065
41136165,1.1208692,0.552052,8.663983
41136175,1.1484119,0.6430628,8.630453
41136185,1.6298108,0.95441526,8.140672
41136195,0.17603393,1.0681787,8.242459
41136205,0.83825684,1.7100439,10.734478
41136215,1.3603711,1.2490027,12.188254
41136225,0.6251001,-0.6646179,11.682905
41136235,1.1436218,-0.9508228,11.752361
41136245,1.6825012,0.11735596,10.180031
41136255,1.778302,1.1268567,8.201744
41136265,0.80233157,0.9244775,7.6880126
41136275,0.20956421,-0.16645385,8.915461
41136285,0.8825647,0.13412109,9.748927
41136295,1.0130932,-0.7879614,9.783655
41136305,1.4286292,-0.65623534,10.1261425
41136315,1.8501526,0.4921765,10.3931875
41136325,2.330354,1.8944604,10.560839
41136335,2.7890003,1.7327967,9.875863
41136345,1.84656,0.9592053,10.262659
41136356,2.266886,0.41912842,10.172846
41136366,2.4345374,0.48738647,9.374106
41136376,1.8741028,-1.4418018,9.631571
41136386,2.391427,-1.4621594,10.70454
41136396,2.6848168,-1.4298266,10.890154
41136406,2.8955786,-2.76026,10.2387085
41136416,2.5962012,-1.6525635,10.471025
41136426,3.246449,1.4501843,10.078242
41136436,2.703977,4.60682,11.059003
41136446,2.2704785,2.3543043,9.123827
41136456,0.5903723,0.7855664,10.441088
41136466,1.1999048,0.5760022,11.03625
41136476,1.9722986,-0.16405883,11.187137
41136486,1.7615368,-0.2802173,12.803775
41136496,2.0190015,0.674198,13.225298
41136506,1.7914746,1.0957215,13.230088
41136516,1.5376025,0.9831555,12.5032
41136526,1.592688,1.7004639,13.146262
41136536,2.0453467,2.2884412,12.049343
41136546,1.959126,2.2417383,10.233918
41136557,1.9782861,1.5196398,9.2328005
41136567,1.9184107,1.0370435,10.025552
41136577,1.9016455,1.1316468,10.279424
41136587,2.0537293,1.0250684,10.544073
41136597,2.3135889,0.9783655,11.05062
41136607,2.095642,1.2969031,10.744058
41136617,1.5028747,1.8501526,10.534493
41136627,1.7220191,3.38536,9.698631
41136637,2.193838,5.108577,7.9826
41136647,2.0932472,4.778064,7.01142
41136657,1.9675086,3.7506006,7.4712634
41136667,2.6081762,1.8429675,8.459209
41136677,3.253634,-0.4897815,9.040001
41136687,4.02962,-1.53401,9.616003
41136697,4.5864625,-1.5699353,9.201665
41136707,4.028423,-1.465752,8.046068
41136717,3.6751575,-1.7866845,6.4234424
41136727,3.8763392,-2.3339465,6.4629602
41136737,3.918252,-3.7709582,6.8533483
41136748,3.8679566,-5.6654186,6.795868
41136758,3.7038977,-6.1516075,6.2905188
41136768,3.0081446,-6.4174547,6.763535
41136778,3.0105395,-6.5108604,7.067703
41136788,2.6632617,-5.429509,8.138276
41136798,2.76505,-4.6008325,8.070019
41136808,2.5099804,-4.237987,8.390951
41136818,2.6488917,-4.0894957,8.635242
41136828,2.8907886,-4.028423,8.844807
41136838,3.2967443,-3.67875,8.729846
41136848,3.1183155,-3.605702,8.667576
41136858,3.248844,-3.67875,8.744216
41136868,3.7625756,-3.8511915,8.272397
41136878,3.7649708,-4.0092626,8.068821
41136888,3.6799476,-4.042793,7.4197707
41136898,3.681145,-4.3541455,6.8557434
41136908,3.3841627,-4.7385464,6.324049
41136918,2.9075537,-4.7936316,6.0126967
41136928,2.6524842,-5.0726514,5.955216
41136938,2.1567152,-5.5444703,6.3372216
41136948,2.1650977,-5.81391,6.5527735
41136959,2.2357507,-5.6091356,6.6844997
41136969,2.4237597,-5.3708315,6.868916
41136979,2.76026,-5.0822315,7.1658983
41136989,3.1494508,-5.1385145,6.812633
41136999,2.586621,-5.22234,7.067703
41137009,2.7171497,-4.3864784,7.0892577
41137019,2.6093738,-3.9002893,7.0186048
41137029,2.4728577,-4.2715173,6.9335814
41137039,2.5973988,-4.8666797,7.613767
41137049,2.6776319,-5.374424,8.019723
41137059,2.5566833,-5.2510805,8.157436
41137069,2.450105,-4.834347,8.056846
41137079,2.1639001,-4.2906775,8.0436735
41137089,2.2213807,-3.8907092,8.096363
41137099,2.3710694,-3.9661524,8.092771
41137109,2.4345374,-3.8931043,7.890392
41137119,2.4788451,-4.0894957,7.5598793
41137129,2.5243506,-4.1565566,7.692803
41137140,2.696792,-4.550537,7.156318
41137150,2.6752367,-4.3002577,7.547904
41137160,3.114723,-4.277505,7.4736586
41137170,2.9255164,-4.2559495,6.1396327
41137180,2.391427,-4.678671,6.631809
41137190,2.562671,-3.9781275,7.1144056
41137200,3.109933,-3.4643958,7.164701
41137210,3.1769934,-3.5673816,7.155121
41137220,2.9039612,-4.0835085,7.7227407
41137230,3.1566358,-4.716991,7.714358
41137240,3.4308655,-5.2822156,7.408993
41137250,3.6308496,-5.5588403,7.462881
41137260,3.8272412,-6.029462,7.5047936
41137270,3.3326697,-5.611531,6.8413734
41137280,3.2775843,-4.6247826,7.2102065
41137290,3.747008,-3.5925293,7.5526943
41137300,3.6679723,-2.654879,7.852072
41137310,3.1817834,-2.6009912,8.413704
41137320,3.145858,-2.6201513,8.890312
41137330,3.1817834,-2.4872277,9.122629
41137341,3.493136,-2.396217,8.908276
41137351,3.3817675,-2.887196,8.653206
41137361,3.2955468,-2.9913795,9.1849
41137371,3.598517,-2.9075537,9.217233
41137381,3.6919227,-2.6297314,9.536968
41137391,3.9158568,-2.3387365,8.86277
41137401,3.9362147,-2.2513185,8.514295
41137411,3.9613624,-2.266886,8.383766
41137421,3.9673498,-2.0992346,8.201744
41137431,4.0164475,-1.84177,8.109536
41137441,3.8164637,-2.398612,7.9275146
41137451,3.7973034,-2.9746141,8.243657
41137461,4.079916,-2.8512707,8.716674
41137471,4.3960586,-2.450105,8.315508
41137481,4.2032595,-2.071692,8.357421
41137491,4.02962,-1.7435743,8.468789
41137501,3.873944,-1.6813037,8.753797
41137511,3.6308496,-1.6872913,8.689131
41137521,3.617677,-1.905238,8.455616
41137532,3.7218604,-2.3159838,8.892708
41137542,4.2272096,-1.895658,8.156239
41137552,3.9805224,-1.6262183,8.586145
41137562,3.5410364,-1.0813513,8.332273
41137572,3.2799792,-0.34488282,8.822055
41137582,3.441643,0.12693603,9.028027
41137592,3.4021254,0.27782226,9.456735
41137602,3.302732,-0.05508545,9.661509
41137612,3.4488282,-0.33769774,9.794433
41137622,3.4129028,-0.58558226,9.927356
41137632,3.270399,-0.97237796,10.214758
41137642,3.1566358,-1.1196716,10.3931875
41137652,3.2213013,-1.0071057,10.162067
41137662,3.178191,-0.9663904,9.81
41137672,3.1566358,-0.8681946,9.48787
41137682,3.0237122,-0.8190967,9.558523
41137692,3.0332923,-0.57959473,9.332193
41137702,2.9350965,-0.5292993,8.640033
41137712,2.4417224,-0.88855225,8.6208725
41137722,2.3195765,-1.162782,9.154963
41137733,2.4045997,-1.6094531,9.659114
41137743,2.0477417,-2.0968397,10.248288
41137753,1.785487,-1.9076331,11.003918
41137763,1.9148182,-1.2082874,10.413545
41137773,1.6238233,-0.93884766,9.642348
41137783,1.9675086,-0.8454419,9.250763
41137793,1.8058448,-1.7950672,8.769364
41137803,1.5435901,-2.550696,9.602831
41137813,1.6298108,-2.3566992,10.178833
41137823,1.0933264,-1.8273998,10.516531
41137833,0.6274951,-1.3915063,10.435101
41137843,0.2574646,-1.2106824,10.174043
41137853,0.122145995,-1.3687537,9.620793
41137863,0.034727782,-1.719624,9.25675
41137873,0.068258055,-2.0561242,8.923842
41137883,0.05987549,-2.6105714,8.681946
41137893,-0.37362304,-2.9614418,8.638836
41137903,-0.59755737,-3.05365,8.62207
41137913,-0.6514453,-3.202141,8.5083065
41137923,-0.6502478,-3.018922,8.208929
41137934,-0.7041357,-2.290836,7.437733
41137944,-1.717229,-2.6081762,6.540798
41137954,-2.1555176,-3.8763392,6.7120423
41137964,-1.9423609,-5.3049684,7.4784484
41137974,-1.8860779,-6.251001,8.434061
41137984,-1.705254,-6.5551686,8.837622
41137994,-1.8154248,-6.580316,8.950188
41138004,-2.0645068,-6.507268,8.927435
41138014,-2.027384,-6.270161,8.296348
41138024,-1.7495618,-5.5875807,7.523954
41138034,-1.9998413,-5.132527,6.5288234
41138044,-2.078877,-5.2678456,6.12646
41138054,-1.8848804,-5.393584,6.2893214
41138064,-1.7315991,-5.54926,6.4030848
41138074,-1.848955,-5.618716,6.650969
41138084,-1.9184107,-5.603148,6.753955
41138094,-2.1088147,-5.7684045,6.842571
41138104,-2.2800586,-5.8510327,6.812633
41138114,-2.2141955,-5.9564137,6.827003
41138125,-2.2812562,-6.1540027,6.8090405
41138135,-2.3327491,-6.284531,6.716832
41138145,-2.6273365,-6.3048887,6.915619
41138155,-2.6488917,-6.565946,6.8796935
41138165,-2.586621,-6.4809227,6.894064
41138175,-2.3590941,-6.349197,6.8461633
41138185,-2.4069946,-6.094127,6.627019
41138195,-2.525548,-5.846243,6.556366
41138205,-2.7794201,-6.284531,6.7359924
41138215,-2.8979735,-7.1096153,7.103628
41138225,-2.8500733,-7.582632,7.5610766
41138235,-2.6345215,-7.4473133,7.5981994
41138245,-2.4177723,-7.1168003,7.4856334
41138255,-2.4405248,-6.7826953,6.9144216
41138265,-2.5890162,-6.612649,6.7455726
41138275,-2.692002,-6.7108445,6.650969
41138285,-2.5447083,-6.643784,6.835386
41138295,-2.4465125,-6.3108764,6.8533483
41138305,-2.2920337,-5.6318884,6.907236
41138316,-2.3159838,-5.2678456,6.580316
41138326,-2.501598,-5.3289185,6.8808913
41138336,-2.618954,-5.7384667,7.253317
41138346,-2.4093897,-5.9863515,7.8377013
41138356,-2.1255798,-6.199508,8.356223
41138366,-1.9112256,-6.157595,8.493937
41138376,-1.8729053,-5.910908,8.5717745
41138386,-1.8405725,-6.016289,8.426876
41138396,-1.9351758,-6.339617,8.545429
41138406,-1.8513501,-6.460565,8.55022
41138416,-1.9327807,-6.5994763,8.474776
41138426,-2.1758752,-6.6138463,8.502319
41138436,-2.203418,-6.683302,8.568182
41138446,-2.2956262,-6.483318,8.498727
41138456,-2.450105,-6.2486057,8.430469
41138466,-2.5530908,-6.1743603,8.447234
41138476,-2.7207422,-6.4006896,8.5717745
41138486,-3.006947,-6.676117,8.892708
41138496,-3.1841784,-6.709647,9.083112
41138507,-3.4404457,-6.4030848,8.93462
41138517,-3.5913317,-5.83786,8.528665
41138527,-3.7637732,-5.606741,8.087981
41138537,-3.718268,-5.3995714,7.628137
41138547,-3.4715807,-5.3337083,7.408993
41138557,-3.1470556,-5.254673,7.019802
41138567,-2.9674292,-5.2319202,6.8653235
41138577,-2.814148,-5.366041,6.74198
41138587,-2.6345215,-5.605543,6.812633
41138597,-2.4692652,-5.742059,7.08327
41138607,-2.4093897,-5.879773,7.2401443
41138617,-2.5459058,-5.874983,7.1599107
41138627,-2.6369164,-5.7205043,7.133566
41138637,-2.884801,-5.853428,7.155121
41138647,-2.950664,-6.0665846,7.141948
41138657,-2.9243188,-5.918093,7.0257897
41138667,-2.9327013,-5.981561,6.787485
41138677,-3.1111305,-6.382727,6.868916
41138687,-3.129093,-6.540798,7.1874537
41138698,-3.06802,-6.6234264,7.219786
41138744,-3.0811927,-6.40548,7.1431456
41138754,-3.0452673,-6.143225,7.0221972
41138764,-3.1278956,-5.7851696,6.835386
41138774,-3.2117212,-5.694159,6.643784
41138784,-3.1805859,-5.4893847,6.539601
41138794,-2.8488758,-5.4187317,6.2989016
41138804,-2.767445,-5.476212,6.182743
41138814,-2.7686427,-5.8187,6.170768
41138825,-2.6441016,-6.157595,6.382727
41138835,-2.4716601,-6.5180454,6.6797094
41138845,-2.3411317,-6.6557593,6.781498
41138855,-2.3147864,-6.597081,6.980284
41138865,-2.501598,-6.891669,7.0233946
41138875,-2.687212,-7.1443434,7.339537
41138885,-2.7566674,-7.1455407,7.6149645
41138895,-2.8081603,-6.927594,7.5467067
41138905,-2.8369007,-6.6354017,7.3610926
41138915,-2.880011,-6.502478,7.2581067
41138925,-3.0285022,-6.441405,7.100035
41138935,-3.1590307,-6.4485903,7.101233
41138945,-3.0776,-6.302494,6.9671116
41138955,-3.0416749,-6.0498195,7.0952454
41138965,-2.8931837,-5.661826,6.979087
41138975,-2.711162,-5.436694,7.0653076
41138985,-2.821333,-5.8151073,7.0485425
41138995,-2.618954,-6.1049047,7.0820727
41139005,-2.4680676,-5.9959316,7.1898484
41139016,-2.3650818,-5.5803957,7.129973
41139026,-2.227368,-5.3133507,7.1730833
41139036,-2.3004162,-5.166057,7.146738
41139046,-2.205813,-5.0726514,7.435338
41139056,-2.13516,-5.325326,7.492819
41139066,-2.1615052,-5.278623,7.5766444
41139076,-2.13516,-5.085824,7.69879
41139086,-2.2812562,-4.916975,7.756271
41139096,-2.3566992,-4.963678,7.7909985
41139106,-2.4117846,-5.0966015,7.914342
41139116,-2.4644752,-5.088219,8.167017
41139126,-2.5878186,-5.1600695,8.32868
41139136,-2.633324,-5.2486854,8.435259
41139146,-2.7243347,-5.144502,8.447234
41139156,-2.858456,-5.060676,8.387359
41139166,-2.8716285,-4.8714695,8.364606
41139176,-2.8656409,-4.5134144,8.383766
41139186,-2.8656409,-4.29427,8.486752
41139196,-2.9279113,-4.1517663,8.402926
41139207,-2.943479,-4.199667,8.410111
41139217,-3.006947,-4.242777,8.659193
41139227,-2.9530592,-4.126619,8.659193
41139237,-3.0177245,-4.0344105,8.693921
41139247,-3.0213172,-3.9996827,8.566985
41139257,-3.0859826,-4.0835085,8.612491
41139267,-3.0668225,-3.9026842,8.5154915
41139277,-2.9937744,-3.8140686,8.34784
41139287,-3.0368848,-3.9122643,8.565787
41139297,-3.0428724,-3.9266346,8.701106
41139307,-3.1051428,-3.744613,8.783734
41139317,-3.0368848,-3.7098854,8.7262535
41139327,-3.0740075,-3.5182836,8.63165
41139337,-3.1207104,-3.38536,8.58854
41139347,-3.138673,-3.3135095,8.473579
41139357,-3.1757958,-3.270399,8.516689
41139367,-2.9961693,-3.1686108,8.350236
41139377,-2.7710376,-3.2668066,8.169412
41139387,-2.5902135,-3.2153137,8.183782
41139398,-2.3519092,-3.131488,8.109536
41139408,-2.1650977,-3.2260914,8.259225
41139418,-2.022594,-3.1542406,8.32868
41139428,-1.9255958,-3.1243029,8.460406
41139438,-1.8992505,-3.1626234,8.66518
41139448,-1.8992505,-3.2763867,8.7897215
41139458,-1.9088305,-3.417693,8.908276
41139468,-1.9830762,-3.8140686,9.237591
41139478,-2.046544,-4.2667274,9.556128
41139488,-2.1171973,-4.372108,9.83874
41139498,-2.2537134,-4.218827,9.843531
41139508,-2.4848328,-3.6559973,9.671089
41139518,-2.647694,-3.270399,9.575288
41139528,-2.738705,-3.1255004,9.575288
41139538,-2.8608508,-3.246449,9.404044
41139548,-2.8452833,-3.3446448,9.644744
41139558,-2.877616,-3.4117053,9.783655
41139568,-2.757865,-3.3039293,9.653126
41139578,-2.6488917,-3.2859669,9.582473
41139589,-2.6776319,-3.2368689,9.383686
41139599,-2.642904,-2.941084,9.226812
41139609,-2.7255323,-2.802173,9.20885
41139619,-2.711162,-2.5243506,9.061557
41139629,-2.7422974,-2.2189856,9.050778
41139639,-2.762655,-2.0489392,9.037606
41139649,-2.743495,-2.3207738,9.057964
41139659,-2.7363098,-2.0082238,8.980125
41139669,-2.6081762,-2.003434,8.814869
41139679,-2.701582,-2.0776794,8.868757
41139689,-2.6584716,-2.1770728,8.871152
41139699,-2.6596692,-2.259701,8.87235
41139709,-2.650089,-2.1243823,8.943003
41139719,-2.6393116,-2.0489392,8.904682
41139729,-2.6596692,-2.1159997,8.79571
41139739,-2.4824378,-2.1698878,8.977731
41139749,-2.4812403,-2.1998255,8.969348
41139759,-2.5004003,-2.3447242,8.974138
41139769,-2.4812403,-2.3662794,8.946595
41139780,-2.4656725,-2.3710694,8.969348
41139790,-2.513573,-2.2980213,8.963361
41139800,-2.4465125,-2.4081922,8.847202
41139810,-2.4010072,-2.4345374,9.032816
41139820,-2.2213807,-2.5471032,9.188493
41139830,-2.1734803,-2.7003846,9.292676
41139840,-2.0573218,-2.6632617,9.29028
41139850,-2.1435425,-2.6692493,9.310638
41139860,-2.0944445,-2.626139,9.201665
41139870,-2.1339624,-2.5411158,9.296268
41139880,-2.1459374,-2.3291564,9.216035
41139890,-2.0728893,-2.46687,9.344169
41139900,-1.5172448,-2.572251,6.2977037
41139910,0.99992067,2.3614893,10.547666
41139920,-2.501598,-5.6330857,8.964558
41139930,-2.3806493,-4.0463853,12.006233
41139940,-2.3782544,-1.8741028,10.095007
41139950,-2.3806493,-0.9520203,8.6699705
41139960,-2.5542884,-1.6956738,9.456735
41139970,-2.1710851,-2.7614574,9.669891
41139981,-1.771117,-2.5938063,9.697434
41139991,-1.84656,-1.9699036,9.314231
41140001,-2.1076171,-1.6429834,9.15137
41140011,-2.020199,-1.719624,9.235195
41140021,-1.7507592,-2.034569,9.407637
41140031,-1.5998731,-2.286046,9.524993
