41260426,-0.28500733,-0.12813355,9.195678
41260435,-0.30177248,-0.15447876,9.262738
41260536,-0.5891748,-0.554447,9.945318
41260546,-0.671803,-0.51971924,9.924961
41260556,-0.7316785,-0.55324954,9.720187
41260566,-0.7747888,-0.70533323,9.930948
41260576,-0.9592053,-0.81789917,10.13213
41260586,-1.0981164,-0.6274951,10.1261425
41260596,-1.3747412,-0.4646338,10.135723
41260606,-1.4130615,-0.7388635,10.13213
41260616,-1.5423926,-0.97477293,10.721305
41260626,-1.6130457,-1.0346484,10.823093
41260636,-2.0357666,-1.045426,10.799143
41260646,-2.274071,-0.98674804,10.799143
41260657,-2.4441175,-1.2034973,10.572814
41260667,-3.3985326,-1.6453785,10.675799
41260677,-4.113446,-1.834585,10.915301
41260687,-3.9493873,-1.9435583,11.802656
41260697,-3.5458264,-2.9853919,11.662548
41260707,-3.6823425,-5.1049843,10.991942
41260717,-2.6776319,-8.029303,10.033935
41260727,-1.9531385,-9.899814,9.596844
41260737,-1.0083032,-10.226733,8.788525
41260747,-0.42272094,-9.736952,7.465276
41260757,-0.16286133,-8.361013,6.3671594
41260767,0.2969824,-6.4402075,4.5146117
41260777,1.0047107,-6.3276415,2.3135889
41260787,1.162782,-7.492819,1.2082874
41260797,1.8764977,-8.505912,0.9927356
41260807,2.818938,-8.968151,1.5579602
41260817,3.3362622,-9.250763,3.0776
41260827,3.321892,-9.850716,3.935017
41260837,2.887196,-9.80521,4.6595106
41260847,2.5459058,-9.004076,4.87626
41260857,2.2944288,-7.482041,4.7624965
41260868,2.2333558,-6.0570045,4.446354
41260878,1.9519409,-4.9744554,3.9445972
41260888,2.0142114,-4.2511597,3.429668
41260898,2.137555,-3.5649865,2.9734168
41260908,2.0489392,-3.051255,2.4752526
41260918,1.9435583,-3.1135254,2.13037
41260928,1.6393908,-3.473976,2.1555176
41260938,1.3950989,-4.077521,2.15432
41260948,1.0945239,-5.1780324,2.2944288
41260958,0.60354495,-6.291716,2.2369483
41260968,0.2838098,-6.597081,1.7507592
41260978,0.13292359,-6.734795,1.6178356
41260988,0.15328126,-6.9695067,1.8621277
41260998,-0.0119750975,-8.211325,2.5602758
41261008,-0.08741821,-10.1896105,3.4476306
41261018,-0.64545774,-12.583432,4.543352
41261028,-1.4465919,-15.015575,5.429509
41261038,-2.0453467,-16.653769,6.0713744
41261048,-2.5027955,-17.302818,6.5012803
41261058,-2.454895,-16.762741,6.309679
41261068,-2.3052063,-15.204782,5.483397
41261079,-1.8729053,-13.386962,4.572092
41261089,-1.421444,-12.019405,3.6260595
41261099,-0.5005591,-10.971584,3.1075377
41261109,0.31374756,-10.017169,2.8764184
41261119,1.2346326,-8.963361,2.9530592
41261129,1.9459534,-8.102351,3.2883618
41261139,2.6488917,-7.303612,3.5937269
41261149,3.290757,-6.8629284,3.932622
41261159,4.0535707,-6.8186207,3.666775
41261169,4.7960267,-6.6725245,2.396217
41261179,5.264253,-6.774313,0.31374756
41261189,5.915698,-7.141948,-0.5448669
41261199,6.5012803,-8.158634,-1.3016931
41261209,6.8162255,-8.909472,-0.9029224
41261219,7.0066295,-9.262738,-0.732876
41261229,6.7335973,-9.947714,-1.5615528
41261239,6.004314,-12.6373205,-3.5039136
41261249,5.894143,-15.570022,-4.581672
41261259,6.478528,-18.080002,-5.6259007
41261270,6.508466,-20.94205,-6.4641576
41261280,5.2630553,-22.818548,-7.0700974
41261290,2.7159522,-22.8904,-7.4473133
41261300,0.92687255,-20.439096,-7.476053
41261310,0.021555176,-16.505278,-7.3000197
41261320,-0.8466394,-12.760664,-8.171806
41261330,-1.2633728,-10.121352,-8.869955
41261340,-0.99872315,-9.0639515,-9.390872
41261350,-0.64186525,-9.988429,-8.656798
41261360,0.2335144,-10.595567,-6.4737377
41261370,1.111289,-10.298584,-4.813989
41261380,1.8753003,-8.913065,-3.8356237
41261390,1.7244141,-7.2928343,-3.1554382
41261400,0.7867639,-6.1120896,-2.0992346
41261410,-0.7041357,-4.6894484,-0.7843689
41261420,-2.3806493,-3.1111305,0.14250366
41261430,-2.8321106,-1.834585,0.11496094
41261440,-2.3016138,-0.70533323,0.7879614
41261450,-1.1256592,0.09939331,0.8801697
41261460,-0.3939807,0.65743285,-0.031135254
41261471,0.32093263,1.5663428,-0.39517823
41261481,0.35206786,2.811753,-1.3543836
41261491,-0.0490979,4.54934,-2.7818153
41261501,-0.10657837,7.013815,-4.0260277
41261511,0.29937744,9.286688,-5.5995555
41261521,1.040636,10.838661,-6.4473925
41261531,0.5484595,10.333312,-7.1515284
41261541,-1.4022839,8.788525,-6.595884
41261551,-2.6800268,7.477251,-5.637876
41261561,-3.1578333,6.4569726,-4.6403503
41261571,-2.9398866,4.9576902,-3.969745
41261581,-2.76026,3.0799952,-3.3673975
41261591,-3.3973353,-0.10178833,-4.452341
41261601,-4.8175817,-6.3527894,-2.7901978
41261611,-4.7541137,-14.737753,-0.20597167
41261621,-3.6476147,-23.273602,3.873944
41261631,-2.4129822,-27.966642,9.0076685
41261641,-3.8811293,-24.702232,6.2162733
41261651,-3.718268,-14.274317,-3.578159
41261661,-7.4904237,-7.8879967,-19.194883
41261672,-14.346167,-5.684579,-27.257717
41261682,-13.941409,-17.543518,-33.12312
41261692,-14.394068,-30.75205,-26.355993
41261702,-3.988905,-35.31097,-14.608421
41261712,6.389912,-32.034584,-14.640755
41261722,4.9085927,-23.008953,-26.612259
41261732,-0.07544312,-10.347682,-26.937983
41261742,-3.2739916,-3.070415,-23.256838
41261752,-4.60682,-6.6018715,-18.820063
41261762,-3.4883459,-11.819422,-13.523478
41261772,0.05269043,-12.796589,-9.569301
41261782,2.4848328,-12.190649,-7.359895
41261792,3.3566198,-12.183464,-6.3851223
41261802,3.3913476,-11.607462,-4.5158095
41261812,3.1841784,-10.996732,-3.0847852
41261822,3.2356713,-10.74765,-2.3578968
41261832,3.5997143,-10.941647,-0.8981323
41261842,3.6416273,-11.073373,1.0274634
41261852,3.8332288,-9.565708,1.5878979
41261862,3.1374755,-7.1754785,2.626139
41261873,1.7004639,-4.9505053,3.549419
41261883,2.15432,-1.1567944,4.6199927
41261893,2.838098,2.1674926,6.1959157
41261903,3.3769774,3.1183155,5.8965383
41261913,6.314469,3.7086878,4.798422
41261923,7.5514965,1.6322058,2.0633094
41261933,5.085824,-2.0166063,-3.1398706
41261943,2.6536818,2.003434,-10.72849
41261953,1.1232642,11.247012,-15.608342
41261963,0.8813672,16.86932,-16.410673
41261973,0.16765137,15.41674,-14.186898
41261983,0.07783814,8.552615,-9.078321
41261993,0.0,1.2525952,-6.6916847
41262003,-0.9939331,-6.8389783,-3.3470397
41262013,-1.8381774,-18.988913,-2.1088147
41262023,0.28859985,-33.749416,0.26704466
41262033,-0.22632934,-39.20767,3.05844
41262043,-1.2969031,-39.20767,4.484674
41262053,-2.950664,-39.20767,8.537047
41262064,-4.2667274,-24.833958,2.2141955
41262074,-6.321654,-7.4976087,-9.057964
41262084,-6.673722,-2.3171813,-17.686022
41262094,-9.168135,-4.184099,-24.38968
41262104,-9.950109,-20.090622,-21.070185
41262114,-2.1171973,-28.086393,-16.656164
41262124,6.8880763,-24.880661,-21.660557
41262134,6.8066454,-17.2154,-22.465282
41262144,3.8475988,-6.3228517,-18.666782
41262154,-3.6368372,-0.19279908,-15.97957
41262164,-9.639954,1.4837146,-8.686736
41262174,-6.2402234,-0.11376343,-0.9412427
41262184,-0.79035646,-3.2919543,9.8590975
41262194,2.1950355,-8.024513,18.127903
41262204,1.3974938,-11.229049,17.384249
41262214,1.7627344,-9.122629,12.857662
41262224,0.70533323,-4.2415795,3.5506165
41262234,-0.53528684,0.3305127,-5.9767714
41262244,-0.14489868,7.740703,-14.025234
41262254,0.8945398,16.717236,-18.676363
41262265,0.6610254,22.727537,-21.05342
41262275,-0.7927515,22.64012,-19.471508
41262285,-2.4069946,17.185463,-13.899496
41262295,-2.4465125,10.5764065,-8.169412
41262305,-2.5459058,5.4881873,-3.8200562
41262315,-2.8788135,-0.10777588,-2.5483007
41262325,-3.0931678,-7.620952,-2.7961853
41262335,-1.3028907,-17.190252,-0.7855664
41262345,-0.49936157,-28.445646,1.8226099
41262355,1.1304492,-35.73848,7.885602
41262365,-0.45265868,-33.117134,10.631492
41262375,-3.5278637,-22.538332,7.606582
41262385,-1.4142591,-6.7575474,-6.5671434
41262395,0.05269043,8.449629,-20.191212
41262405,-11.008707,-0.24309449,-28.06005
41262415,-14.202466,-12.213402,-17.611776
41262425,-12.690011,-34.335,-17.015417
41262435,4.6714854,-31.65138,-22.644909
41262445,14.505436,-18.5135,-36.872524
41262455,13.23847,-4.912185,-28.639643
41262466,2.0261865,-0.23471192,-21.210293
41262476,-5.764812,-5.0570836,-15.395185
41262486,-6.781498,-9.200467,-9.235195
41262496,-1.1747571,-10.186018,-7.1658983
41262506,4.2882824,-9.820778,-7.261699
41262516,7.0653076,-9.291478,-8.217312
41262526,7.115603,-9.54535,-9.008866
41262536,5.283413,-9.970467,-10.02675
41262546,3.1542406,-11.081756,-9.159752
41262556,2.5207582,-13.579761,-7.036567
41262566,2.9817994,-15.390395,-5.3241286
41262576,2.9243188,-15.36405,-4.123026
41262586,2.633324,-12.781022,-3.578159
41262596,2.3902295,-9.707014,-4.1529636
41262606,1.5447876,-7.7131605,-5.134922
41262616,1.4406042,-5.4977674,-4.301455
41262626,2.242936,-3.725453,-3.0967603
41262636,3.0919702,-2.166295,-1.3927039
41262646,4.02962,-1.3364209,-0.5400769
41262656,4.475094,-1.155597,-0.027542725
41262667,4.3948607,-1.2394226,0.7220984
41262677,3.6212695,-0.98195803,1.4286292
41262687,2.215393,0.10178833,2.2656884
41262697,1.2861255,1.6801062,2.3566992
41262707,1.3124707,3.3697925,1.653761
41262717,1.5675403,5.252278,-0.13412109
41262727,2.5878186,7.2006264,-2.3590941
41262737,3.06802,8.79571,-4.860692
41262747,2.7327173,10.237511,-6.5719337
41262757,1.4968872,11.942765,-8.81008
41262767,-0.803529,13.9390135,-9.965676
41262777,-2.5902135,15.178436,-10.641071
41262787,-4.905,13.879138,-9.886641
41262797,-5.9049206,10.945239,-7.509584
41262807,-6.13604,6.634204,-5.357659
41262817,-6.4497876,3.1374755,-3.8978944
41262827,-6.6090565,0.13172607,-3.3458424
41262837,-6.6006737,-2.6680517,-4.0200405
41262848,-5.9133034,-6.1120896,-1.6896863
41262858,-6.149213,-12.367881,1.0262659
41262868,-8.459209,-15.634687,1.5112573
41262878,-6.8653235,-4.8187795,4.416416
41262888,-9.742939,-1.0825489,-14.0372095
41262898,-18.584154,-13.327086,-27.064919
41262908,-27.907965,-28.432474,-25.835075
41262918,-31.841785,-39.20767,-31.847773
41262928,-18.185383,-39.20767,-17.926722
41262938,-4.7133985,-39.20767,-13.637241
41262948,0.20118164,-34.793648,-10.371632
41262958,-5.0019984,-24.449556,-10.278226
41262968,-8.88672,-14.098283,-15.261065
41262978,-8.769364,-4.439169,-15.1065855
41262988,-5.5468655,-0.64066774,-11.939173
41262998,-2.3710694,-2.5638685,-7.8472815
41263008,-0.0490979,-5.933661,-4.023633
41263018,0.7580237,-8.772957,-2.3519092
41263028,1.0717713,-10.829081,-1.4513818
41263039,1.3843213,-12.118799,-0.7232959
41263049,3.8679566,-11.340418,3.866759
41263059,0.1580713,-15.89335,-2.1136048
41263069,1.6944764,-11.512859,0.47181883
41263079,2.1698878,-9.46871,-1.5376025
41263108,-2.1291723,-8.202942,-1.4669495
41263118,-1.9986438,-6.358777,-3.3278797
41263128,-2.3315516,-5.1696496,-1.6813037
41263138,-1.8537451,-5.0798364,-1.3771362
41263149,0.3544629,-5.1061816,-1.592688
41263159,0.60833496,-6.1911254,-1.4741346
41263169,0.2562671,-6.739585,-1.3663586
41263179,-0.84065187,-7.4173756,-0.83945435
41263189,-1.9447559,-8.630453,-1.6741186
41263199,-3.0560448,-9.061557,-1.4274316
41263209,-3.8344262,-9.895023,-2.0369642
41263219,-4.0583606,-10.024354,-1.660946
41263229,-3.5218763,-10.129735,-1.9507434
41263239,-3.3638048,-10.479408,-2.391427
41263249,-3.573369,-10.687775,-2.5423133
41263259,-3.8164637,-11.175161,-2.8249254
41263269,-4.052373,-11.534414,-3.1135254
41263279,-4.4020457,-12.087664,-3.3302746
41263289,-4.388873,-12.001443,-3.4631982
41263299,-3.6045043,-11.7439785,-4.022435
41263309,-3.2692018,-11.791879,-4.1122484
41263319,-3.009342,-11.521241,-3.3015344
41263329,-2.2848487,-10.68538,-3.5087037
41263340,-1.8202149,-9.49745,-3.458408
41263350,-1.6010705,-9.320218,-2.1267774
41263360,-0.9400452,-10.098599,1.1316468
41263370,-0.27542725,-12.274475,5.640271
41263380,-0.48618898,-11.861334,11.297307
41263390,-1.0921289,-5.9001307,13.620476
41263400,2.6441016,2.137555,9.524993
41263410,7.2161937,4.701423,5.3361034
41263420,7.0700974,1.409469,-0.027542725
41263430,7.4341407,-4.519402,-3.9398072
41263440,-0.3412903,-2.894381,-4.622388
41263450,-6.0414367,-0.32332763,-2.3016138
41263460,-6.9036436,-5.078639,1.9627185
41263470,-2.3902295,-13.487553,4.4319835
41263480,5.459447,-20.861818,8.213719
41263490,4.111051,-18.931433,12.679234
41263500,0.43709105,-5.854625,11.208692
41263510,-4.0487804,2.5087829,-1.0322534
41263520,-13.130694,-8.980125,-16.852554
41263530,-9.835148,-17.554296,-23.768173
41263541,-5.708529,-39.20767,-23.144272
41263551,5.726492,-39.20767,-13.293556
41263561,5.733677,-25.025558,-12.557087
41263571,-2.1806653,-15.30178,-5.6366787
41263581,-10.172846,-2.3698719,-7.1383557
41263591,-8.060438,13.085189,-14.143787
41263601,-4.494254,9.582473,-5.349276
41263611,2.44292,2.9542565,2.8033705
41263621,7.9837976,-2.8321106,8.879535
41263631,8.213719,-8.383766,10.953622
41263641,5.1552796,-12.60379,11.473341
41263651,1.6693286,-12.492422,7.122788
41263661,0.5760022,-6.100115,1.2011023
41263671,1.5088623,-0.61911255,-2.7291248
41263681,1.5651453,2.4189696,-4.4715014
41263691,2.7327173,4.636758,-4.758904
41263701,3.5649865,6.291716,-4.658313
41263711,3.4476306,7.037765,-4.951703
41263721,2.1818628,6.2821364,-4.853507
41263732,1.4441968,3.6236646,-4.006868
41263742,1.4441968,-0.05149292,-3.4069152
41263752,1.409469,-3.0404773,-4.022435
41263762,0.16046631,-7.1371584,-4.7840514
41263772,-0.9460327,-15.255077,-1.8836828
41263782,-1.5256275,-27.100843,3.1554382
41263792,-1.3340259,-35.110985,7.191046
41263802,-0.9627979,-33.943413,17.020206
41263812,-5.2678456,-26.800268,16.71604
41263822,-5.445077,-10.538086,7.150331
41263832,-3.1494508,-0.43828857,-12.324771
41263842,-9.086704,-14.02763,-21.767136
41263852,-10.97398,-39.20767,-12.772639
41263862,4.0894957,-39.20767,-14.726975
41263872,5.8175025,-35.427128,-15.507751
41263882,2.0082238,-20.979174,-7.2293663
41263892,-4.387676,-10.297386,0.5760022
41263902,3.791316,0.8705896,-9.552535
41263912,2.0944445,10.771601,-7.7586656
41263922,2.13037,9.072334,-5.7528367
41263933,5.2822156,6.701265,-2.9985645
41263943,7.156318,4.0116577,-2.3998096
41263953,8.138276,1.6441809,-2.3447242
41263963,8.802895,-0.7268884,-0.2969824
41263973,6.1049047,-2.994972,1.6645386
41263983,2.0896544,-2.7710376,2.5447083
41263993,0.031135254,1.3962964,0.26704466
41264003,0.7209009,8.054451,-1.8681152
41264013,2.0118165,12.995376,-4.106261
41264023,2.9446764,14.638359,-5.157675
41264033,2.242936,13.583353,-5.0403185
41264043,-0.2694397,11.524834,-4.829557
41264053,-3.2320788,9.392069,-4.4966493
41264063,-4.29427,7.8005786,-4.5229945
41264073,-3.873944,4.8966174,-4.242777
41264083,-3.5793567,-0.32692015,-3.9948926
41264093,-2.8404932,-7.6425076,-3.5182836
41264103,-2.3902295,-16.923208,-1.6693286
41264113,-1.9315833,-22.585033,3.441643
41264123,-1.3232483,-23.117926,11.373948
41264133,-5.781577,-22.353914,13.616883
41264144,-5.6905665,-9.031619,4.92416
41264154,-7.716753,-0.2562671,-2.403402
41264164,-19.473904,-19.101479,-13.636044
41264174,-15.934065,-30.547277,-25.128546
41264184,-5.6318884,-32.15793,-29.245583
41264194,-4.2739124,-29.004885,-24.917784
41264204,-7.785011,-24.050787,-16.07178
41264214,-6.595884,-18.685942,-12.302018
41264224,-7.191046,-13.6575985,-9.279503
41264234,-8.00655,-8.710686,-8.29515
41264244,-3.2129188,-7.1359606,-8.5083065
41264254,-0.0490979,-9.231603,-4.502637
41264264,1.3939013,-12.528347,-2.9566517
41264274,1.3950989,-14.473103,-2.264491
41264284,1.2478051,-15.386803,-1.9519409
41264294,1.2406201,-15.228732,-2.506388
41264304,1.421444,-14.906602,-3.197351
41264314,1.8046472,-13.588143,-3.5170863
41264324,2.3135889,-10.568024,-3.3518298
41264334,2.5375233,-7.6221495,-3.6512072
41264356,2.577041,-5.077441,-3.1841784
41264366,3.1410682,-3.739823,-2.3076012
41264376,3.7314405,-3.5805542,-1.289718
41264386,4.2882824,-3.2428565,0.35925293
41264396,4.2104445,-2.4800427,2.1842577
41264406,3.7110827,-0.33171022,3.8978944
41264416,3.932622,2.039359,5.654641
41264426,4.206852,3.4117053,6.8725085
41264436,4.798422,3.8404138,8.175399
41264446,5.611531,2.982997,9.832752
41264456,4.9792457,-0.51013917,10.879376
41264466,2.1076171,-5.3217335,10.772798
41264476,0.9089099,-4.4343786,6.9599266
41264486,-0.18561402,3.321892,-0.2203418
41264496,1.1352392,11.929592,-6.262976
41264506,1.0945239,12.167896,-8.685538
41264516,0.3903882,6.4186525,-9.400452
41264527,-0.05748047,-0.7688013,-9.27591
41264537,0.20597167,-8.55022,-8.155042
41264547,2.4237597,-16.525635,-3.8943017
41264557,3.5398388,-25.128546,1.2717553
41264567,3.9050794,-31.37835,3.485951
41264577,0.6011499,-30.7281,2.4393275
41264587,-3.1757958,-25.78957,-0.7652087
41264597,-1.8333875,-13.654006,-7.6173596
41264607,-5.309758,-4.1529636,-15.656242
41264617,-9.265133,-12.316388,-19.924168
41264627,-9.524993,-20.246298,-14.924564
41264637,-4.381688,-29.88745,-12.305611
41264647,3.7877233,-32.519577,-22.929916
41264657,5.6462584,-23.618484,-28.378586
41264667,4.6714854,-13.194162,-24.662714
41264677,1.8405725,-5.363646,-18.945803
41264687,-4.040398,0.6095325,-12.349918
41264697,-5.229525,3.0955627,-5.7995396
41264707,-0.62031007,0.9520203,4.0092626
41264717,2.5291407,-7.2006264,17.502802
41264728,1.23104,-16.37954,16.083754
41264738,0.067060545,-18.590141,13.465998
41264748,3.493136,-6.525231,0.039517824
41264758,5.205575,3.681145,-9.50224
41264768,0.29219237,6.72282,-18.376986
41264778,-2.1483326,12.986994,-27.273285
41264788,0.32452515,22.009031,-30.99754
41264798,-2.6680517,25.517736,-27.470875
41264808,-4.8750625,19.382893,-16.742384
41264818,-6.918014,9.069939,-4.853507
41264828,-6.5743284,-0.2933899,-1.9519409
41264838,-5.8977356,-11.763139,9.472302
41264848,-5.926476,-27.985804,17.398619
41264858,-5.3049684,-36.538418,23.47239
41264868,-4.4487486,-28.230095,31.578333
41264878,-6.788683,1.6729212,12.734319
41264888,-0.7316785,18.905087,-21.36118
41264898,-22.792204,-4.30864,-38.81129
41264908,-32.949482,-39.20767,-26.759554
41264918,-17.211807,-39.20767,-27.424171
41264928,4.89542,-39.20767,-13.49354
41264939,10.717712,-29.336594,-7.980205
41264949,11.757151,-24.63517,-9.884246
41264959,1.4837146,-9.548943,-12.848083
41264969,-7.085665,5.398374,-15.6059475
41264979,-8.93941,9.763297,-6.6629443
41264989,-1.228645,0.25985962,3.0776
41264999,4.63077,-10.712922,15.966397
41265009,3.8440063,-16.51366,17.293238
41265019,4.1457787,-18.188976,14.312636
41265029,1.9866687,-9.187295,6.364764
41265039,1.968706,1.4489868,-0.5652246
41265049,2.6908045,8.459209,-4.269122
41265059,2.384242,10.0698595,-6.205496
41265069,2.381847,12.27208,-7.428153
41265079,3.1135254,14.41203,-9.202863
41265089,1.8010547,14.826368,-9.633966
41265099,0.14968872,12.5032,-7.8891945
41265109,-0.5939648,8.678353,-5.5935683
41265119,-1.597478,4.108656,-4.4691067
41265129,-2.1639001,-1.6142431,-0.8454419
41265140,-1.7926722,-9.237591,3.4488282
41265150,0.69096315,-16.67173,7.571854
41265160,-0.38440064,-18.949394,16.563955
41265170,-3.0476623,-6.9443593,12.936698
41265180,-5.955216,-2.6680517,-6.558761
41265190,-10.065069,-16.519648,-12.688813
41265200,-18.039288,-39.20767,-17.094452
41265210,-9.177715,-39.20767,-17.190252
41265220,2.7830126,-35.578014,-11.236234
41265230,-3.9673498,-23.33707,-3.241659
41265240,-6.695277,-13.085189,0.31734008
41265250,-2.567461,-4.237987,-3.0129347
41265260,-0.97597045,-0.6334827,-5.253475
41265270,0.083825685,-2.6584716,-4.267925
41265280,2.577041,-2.2944288,-2.0633094
41265290,3.6380346,-1.9208057,-0.82867676
41265300,4.2571473,-3.424878,0.7256909
41265310,4.785249,-6.6964746,6.284531
41265320,3.8823266,-10.837463,7.5922117
41265330,2.4956102,-12.163107,6.908434
41265341,1.3124707,-7.818541,6.5060706
41265351,-0.5221143,-0.556842,4.651128
41265361,3.8080812,3.2177088,0.63587767
41265371,4.336183,5.557643,0.67898804
41265381,3.6524048,2.9243188,0.8250842
41265399,2.2525158,-1.834585,1.7088464
41265409,0.3065625,-4.763694,1.3986914
41265419,-1.595083,-7.2784643,1.9351758
41265429,-3.026107,-10.627899,2.9734168
41265439,-3.2871642,-12.897181,3.5889368
41265449,-2.8392956,-14.534176,4.287085
41265459,-3.5039136,-18.495539,5.4750147
41265469,-4.6822634,-23.902294,8.150251
41265479,-5.151687,-26.842182,9.972861
41265490,-5.107379,-24.018454,8.970546
41265500,-4.643943,-17.098045,7.1048255
41265510,-3.4799633,-10.497371,5.0666637
41265520,-1.1328442,-6.532416,3.253634
41265530,-0.9891431,-5.5516553,2.4656725
41265540,-1.2106824,-5.9588084,2.198628
41265550,-1.2346326,-6.2426186,1.8633252
41265560,-1.1867322,-5.706134,1.275348
41265570,-0.984353,-5.166057,0.92328
41265580,-0.64545774,-5.0918117,1.22146
41265590,-0.1484912,-5.309758,1.9064355
41265600,0.2203418,-5.6270986,2.5950036
41265610,0.30296996,-5.654641,3.1063404
41265620,0.4897815,-5.611531,3.3302746
41265630,0.57480466,-5.918093,3.7122803
41265640,0.26225463,-6.5108604,4.023633
41265650,0.26464966,-6.779103,3.885919
41265660,0.123343505,-7.3634877,3.7134778
41265673,-0.08981323,-8.194559,3.5338514
41265683,-0.305365,-8.853189,3.6571949
41265693,-0.66701293,-9.748927,3.5721717
41265703,-0.80233157,-10.241103,3.6452198
41265713,-0.70533323,-9.808803,3.547024
41265723,-0.31015503,-9.241183,3.666775
41265733,0.13412109,-8.696316,3.822451
41265743,0.25985962,-8.657995,3.9505847
41265753,0.5233118,-8.732242,4.204457
41265763,0.57480466,-8.56938,4.326603
41265773,0.6382727,-8.878338,4.5050316
41265783,0.3927832,-9.226812,4.487069
41265793,0.38080812,-9.390872,4.557722
41265803,0.6981482,-9.217233,4.3780956
41265813,0.676593,-9.350156,4.0559654
41265823,0.6430628,-9.7321615,4.023633
41265833,0.8705896,-10.75723,4.184099
41265843,0.72928345,-12.128379,4.701423
41265853,0.9412427,-12.529545,5.2630553
41265864,2.0525317,-11.59429,5.619913
41265874,3.4452355,-9.899814,5.640271
41265884,3.3721876,-8.865165,6.8389783
41265894,3.4009278,-8.610095,7.4006104
41265904,2.6297314,-6.397097,8.685538
41265914,2.2022204,-1.7687219,7.9299097
41265924,5.247488,3.8440063,5.20797
41265934,5.9037232,6.549181,1.3651612
41265944,4.6259804,5.548063,-3.119513
41265954,3.206931,4.8235693,-5.967191
41265964,1.7914746,7.2090087,-8.519085
41265974,0.13172607,9.028027,-8.334668
41265984,-0.32811767,7.1658983,-4.242777
41265994,0.44547364,-0.23950195,-0.10178833
41266004,0.5939648,-12.04096,6.5863037
41266014,2.7638526,-21.865332,11.73799
41266024,4.3206153,-22.780228,18.982925
41266034,0.7867639,-15.791561,22.674847
41266044,1.9878662,2.501598,11.91642
41266054,-2.77463,2.5842261,-17.844093
41266064,-13.127102,-16.433426,-33.525482
41266075,-18.564995,-39.20767,-33.052467
41266085,-2.6560767,-39.20767,-23.766975
41266095,11.166779,-32.967445,-7.501201
41266105,4.9445176,-22.704784,-7.1730833
41266115,0.26345214,-15.571219,-5.612728
41266125,-6.9096313,-4.5960426,-7.5491014
41266135,-6.725215,0.30057496,-10.13692
41266145,-1.9148182,-0.2802173,-5.1049843
41266155,2.9051588,-1.783092,-0.07783814
41266165,5.1289344,-2.3519092,1.8357825
41266175,5.245093,-2.858456,2.7051744
41266185,3.2775843,-3.7386255,3.9050794
41266195,1.0322534,-5.4342995,4.1302114
41266205,0.17483643,-4.782854,3.1410682
41266215,0.124541014,-2.0573218,1.9962487
41266225,0.4035608,1.4298266,0.6011499
41266235,2.2656884,4.099076,0.09939331
41266245,3.0811927,6.524033,0.1353186
41266255,3.439248,7.4413257,0.8909473
41266265,3.7278478,6.319259,1.7902771
41266275,2.9889843,4.721781,0.8753796
41266286,1.1232642,3.4093103,-0.2562671
41266296,0.5676196,3.9194496,-2.3171813
41266306,0.33530274,5.677394,-4.2391844
41266316,0.65623534,5.6079383,-5.036726
41266326,-0.8358618,1.8896704,-4.8259645
41266336,-1.4861096,-4.2667274,-3.885919
41266346,-1.7950672,-13.182187,0.7101233
41266356,-0.5185217,-21.95275,5.9911413
41266366,0.74006104,-25.953629,16.428637
41266376,0.31255004,-22.345531,20.137323
41266386,-1.6669335,-8.672366,13.250445
41266396,-3.129093,2.5542884,-2.384242
41266406,-14.44556,2.8812084,-21.446203
41266416,-13.759387,-2.887196,-34.303864
41266426,-7.683223,-12.737911,-38.81129
41266436,-9.825567,-27.475664,-25.037535
41266446,4.30385,-33.24407,-9.030421
41266456,14.771283,-28.698322,-11.96432
41266466,9.219627,-18.654808,-15.820301
41266476,4.3385777,-7.723938,-20.98157
41266487,-3.1015503,-1.223855,-15.450271
41266497,-5.8402553,-0.8250842,-10.865006
41266507,-5.2019825,-2.4189696,-6.070177
41266517,-2.3555017,-2.6165588,-2.6417065
41266527,1.1711645,-1.8549427,-0.96160036
41266537,3.547024,-2.2405407,-0.74365354
41266547,3.969745,-3.974535,-0.92208254
41266557,3.182981,-6.2785435,-0.60354495
41266567,2.0513341,-8.474776,-0.46343628
41266577,1.2130774,-9.965676,-0.3412903
41266587,0.8250842,-10.511741,-0.20716919
41266597,0.43709105,-10.679392,-0.46104127
41266607,0.6227051,-9.891431,-0.74365354
41266617,1.0166858,-8.138276,-1.111289
41266627,1.4885046,-6.260581,-1.7244141
41266637,2.2561083,-4.9301476,-2.2585034
41266647,2.955454,-4.5637097,-2.2968237
41266657,3.4440382,-5.692961,-2.1770728
41266667,3.942202,-7.406598,-1.4861096
41266686,3.8212538,-9.122629,-0.015567627
41266696,3.368595,-10.76681,1.3974938
41266706,2.7027795,-11.65177,2.2968237
41266716,2.3626869,-11.182346,2.525548
41266726,2.4129822,-9.904603,2.8716285
41266736,2.4692652,-9.0076685,3.873944
41266746,2.4800427,-8.141869,4.382886
41266756,2.271676,-7.4497085,4.6164002
41266766,2.027384,-7.3826475,5.867798
41266776,1.6453785,-8.697514,6.9240017
41266786,1.2394226,-9.815988,8.32868
41266796,1.1807446,-8.883127,8.339458
41266806,1.7974621,-5.835465,6.5431933
41266816,2.083667,-2.5950036,4.6343627
41266826,2.2513185,-0.44786865,3.0476623
41266836,2.5734484,0.35925293,2.0537293
41266846,2.618954,1.0526111,1.0777588
41266856,3.0392797,3.1374755,-0.38559815
41266866,3.241659,5.1373167,-2.0010388
41266877,3.0356872,6.156398,-3.1650183
41266887,1.2406201,6.1743603,-4.1218286
41266897,-0.5053491,3.0668225,-2.3830445
41266907,-2.027384,-4.455934,-0.81191164
41266917,-2.1758752,-13.363011,3.5278637
41266927,-0.07903565,-21.633015,8.656798
41266937,1.289718,-24.44357,14.065949
41266947,-0.47181883,-20.31695,20.296593
41266957,-4.040398,-8.463999,17.651295
41266967,-3.2943494,2.3459215,4.6738806
41266977,-10.285412,-1.3208532,-19.532581
41266987,-15.833474,-13.718672,-33.31472
41266997,-12.889996,-29.346174,-33.091984
41267007,-6.836583,-38.40294,-22.992188
41267017,4.799619,-27.075695,-14.893429
41267027,7.8400965,-17.529148,-7.8664417
41267037,4.4978466,-15.64307,-7.0413575
41267047,0.33171022,-5.23671,-8.28078
41267057,-6.582711,2.2309606,-11.666141
41267067,-6.7946706,1.1232642,-7.3934255
41267077,-1.4693445,-4.064348,-0.37122804
41267088,3.182981,-9.485475,7.508386
41267098,3.634442,-14.015655,10.236314
41267108,3.1745985,-15.749648,8.533455
41267118,2.3339465,-13.75819,6.6258216
41267128,0.6215076,-8.513097,3.9050794
41267138,0.5999524,-4.3122325,0.8801697
41267148,2.074087,-2.1758752,0.28620484
41267158,2.4836352,-3.018922,0.96399534
41267168,2.13995,-4.59724,1.6334033
41267178,2.142345,-4.8918276,2.2405407
41267188,2.254911,-3.8320313,1.712439
41267198,2.8572583,-2.1052222,1.1927197
41267208,3.4608033,-1.407074,1.1256592
41267218,3.7074902,-2.0609143,1.8058448
41267228,3.8344262,-3.2739916,2.7949877
41267238,3.5350487,-5.379214,4.3912683
41267248,2.5997937,-8.121511,5.8222923
41267258,2.1315675,-9.342971,6.8473606
41267268,2.3602917,-9.183702,7.147936
41267278,2.9027636,-8.157436,6.6988697
41267289,2.9794042,-7.4341407,6.277346
41267299,2.9889843,-7.1778736,6.3108764
41267309,3.185376,-7.0401597,6.314469
41267319,3.3530273,-6.690487,6.7144375
41267329,3.5637891,-6.71803,7.5610766
41267344,3.0847852,-6.40548,8.220904
41267354,3.9098694,-5.1061816,8.406519
41267364,4.4427614,-2.4536974,8.435259
41267374,5.357659,0.9627979,6.2725563
41267384,5.4881873,3.9972875,3.4919386
41267394,4.6175976,4.813989,-0.10059082
41267404,3.4045203,5.960006,-3.7853284
41267414,2.9099488,7.715555,-7.620952
41267424,1.2298425,8.798104,-9.480685
41267434,0.0,6.4725404,-6.4545774
41267444,-0.85023195,-0.25387207,-3.551814
41267455,-0.19279908,-8.532257,2.1818628
41267465,1.284928,-17.472864,7.0437527
41267475,2.7961853,-22.068907,10.162067
41267485,2.503993,-20.898941,15.578404
41267495,-1.0705737,-15.185621,13.246853
41267505,-1.9136206,-2.7123597,3.9398072
41267515,-9.216035,2.7842102,-14.349759
41267525,-13.164225,-3.866759,-32.908768
41267535,-12.616962,-18.775755,-32.428566
41267545,-9.845925,-39.20767,-26.320066
41267555,9.691446,-36.16839,-12.490026
41267565,9.962084,-26.203909,-10.899734
41267575,4.2439747,-19.858305,-16.080162
41267585,-2.4716601,-5.982759,-17.978214
41267595,-7.545509,8.193362,-16.163986
41267605,-6.441405,2.430945,-10.872191
41267615,-2.269281,-6.3288393,-4.6403503
41267625,1.7591418,-10.1189575,-0.104183346
41267635,4.2822948,-10.475816,1.705254
41267646,4.5637097,-11.282937,1.1771522
41267656,4.61161,-11.373948,1.1939173
41267666,3.2775843,-11.035052,-0.22513184
41267676,2.0417542,-10.443482,-1.0981164
41267686,1.0286609,-9.623188,-1.233435
41267696,0.5065466,-7.984995,-1.1352392
41267706,0.6167175,-6.065387,-1.1484119
41267716,1.3208532,-4.3960586,-1.0957215
41267726,2.4560926,-3.547024,-0.91010743
41267736,3.002157,-3.671565,-0.5736072
41267746,3.2320788,-4.518204,0.05149292
41267756,2.8692334,-6.3468018,1.1029065
41267766,2.5027955,-7.738308,1.5004797
41267776,2.3770568,-7.8640466,1.3915063
41267786,2.7686427,-7.6963954,2.1088147
41267796,3.2560291,-5.9444385,2.8476782
41267806,3.822451,-4.140989,2.7686427
41267816,3.2129188,-3.5554066,4.8798523
41267826,2.7303224,-3.051255,7.8257265
41267836,2.7315197,-0.60713744,8.668774
41267846,5.302573,3.8943017,7.179071
41267857,7.0389624,6.8042507,3.7242553
41267867,6.974297,4.987628,-0.92567503
41267879,4.7229786,2.5195606,-6.035449
41267889,3.5685792,3.9996827,-12.3774605
41267900,-0.70772827,6.652167,-14.69584
41267910,-1.8621277,5.8187,-9.569301
41267920,-0.3329077,-1.228645,-3.3673975
41267930,2.9566517,-12.688813,5.2486854
41267940,7.3766603,-21.41387,16.443007
41267950,4.352948,-21.969515,21.351599
41267960,-0.81789917,-9.562116,14.286291
41267970,-11.027867,4.714596,-7.1898484
41267980,-17.259708,12.991783,-37.612583
41267990,-7.7526784,-0.8741821,-38.81129
41268000,-19.088306,-39.20767,-38.81129
41268010,4.1685314,-39.20767,-19.366127
41268020,13.242063,-33.648827,-31.265783
41268030,6.4378123,-22.377865,-31.57953
41268040,-2.2932312,8.532257,-31.001133
41268050,-9.554931,15.93167,-20.61992
41268060,-10.673405,-5.494175,-12.979809
41268070,-4.3840833,-14.307847,-7.0257897
41268080,2.1052222,-13.81567,-1.9411633
41268091,7.7598634,-13.551021,-1.3052857
41268101,9.400452,-12.884007,-0.48139894
41268111,6.234236,-11.152409,-1.3543836
41268121,1.9291883,-8.224497,-1.7938696
41268131,-1.7531543,-5.7851696,-0.5400769
41268141,-2.3171813,-3.554209,0.3329077
41268151,-0.5604346,-2.1363573,2.7147546
41268161,2.0944445,-1.9303857,5.0008006
41268171,3.8308337,-1.8381774,6.030659
41268181,4.24637,-1.4477893,5.762417
41268191,4.2152343,-0.8202942,4.479884
41268201,3.4260755,-1.2082874,2.9099488
41268211,3.026107,-2.217788,1.6872913
41268221,2.2980213,-2.8476782,1.2346326
41268231,2.1148024,-2.3004162,1.2717553
41268241,2.5854235,-1.3292358,1.0717713
41268251,3.2045362,-1.0322534,2.645299
41268261,4.006868,-3.0955627,4.8642845
41268271,4.33259,-6.067782,7.628137
41268281,4.446354,-7.7359133,9.133407
41268292,4.531377,-7.608977,9.681867
41268302,5.0666637,-6.3527894,10.251881
41268312,5.173242,-4.8331494,9.911788
41268322,5.301376,-2.1555176,9.0639515
41268332,5.743257,1.3591735,6.2641735
41268342,5.623506,4.5613146,1.9399658
41268352,5.151687,7.129973,-2.9027636
41268362,4.6882505,7.9370947,-7.3347473
41268372,3.4152977,8.856782,-10.05549
41268382,1.472937,9.945318,-11.274554
41268392,-0.23111938,8.57896,-9.342971
41268402,-1.3687537,4.768484,-6.006709
41268412,-1.8118323,-2.6776319,-1.0250684
41268422,-1.0897338,-14.05637,3.06802
41268432,1.3352234,-21.780308,9.974059
41268442,4.667893,-20.142115,20.439096
41268452,2.186653,-9.948911,18.58056
41268462,0.7855664,3.4164953,8.768167
41268472,-7.9059596,9.055569,-12.254117
41268483,-16.204702,1.0035132,-38.81129
41268493,-10.486593,-10.873388,-38.81129
41268503,-10.626701,-31.659763,-38.11434
41268513,-0.061072998,-39.20767,-15.789166
41268523,13.606106,-32.154335,-14.788048
41268533,9.599238,-22.727537,-19.06196
41268543,5.2007847,-9.787248,-20.64507
41268553,1.5555652,5.0582814,-17.211807
41268563,-3.98172,6.683302,-12.450509
41268573,-5.967191,-1.9722986,-9.417217
41268583,-2.6931994,-8.556208,-5.877378
41268593,1.3962964,-10.4566555,-1.8142273
41268603,4.540957,-12.432547,-1.0214758
41268613,6.170768,-13.270803,0.94363767
41268623,5.9707837,-13.088781,1.4334192
41268633,4.470304,-11.274554,1.4693445
41268643,2.0549269,-9.52619,2.7770252
41268653,-0.38919067,-7.180269,4.1565566
41268663,-0.82747924,-5.0642686,4.980443
41268674,1.0526111,-4.2499623,7.4413257
41268684,2.7231371,-4.797224,9.14658
41268694,3.7697608,-4.836742,8.956176
41268704,4.637955,-3.5949242,6.810238
41268714,4.813989,-2.0537293,4.8870373
41268724,4.956493,-0.86220706,3.2428565
41268734,4.7912364,-0.5676196,0.07304809
41268744,3.0728102,0.28979737,-3.8954992
41268754,2.4129822,2.9530592,-6.7803
41268764,2.337539,5.381609,-8.922646
41268774,2.2561083,6.6964746,-8.466394
41268784,1.7998571,4.477489,-6.6114516
41268794,0.2706372,0.31734008,-2.2848487
41268804,-0.74485105,-6.077362,1.035846
41268814,-0.85502195,-14.196478,6.7120423
41268824,0.33171022,-22.860462,10.304571
41268834,2.4357347,-27.378666,13.911471
41268844,2.5423133,-25.364454,17.380657
41268854,-1.1999048,-15.513739,16.53761
41268865,1.4058765,0.66701293,4.6319675
41268875,-6.461763,3.549419,-10.69975
41268885,-13.674364,-1.4908997,-29.427605
41268895,-9.977652,-10.366842,-30.062284
41268905,-9.186097,-21.60547,-25.954826
41268915,-1.8238074,-27.769054,-15.385606
41268925,10.50695,-25.99674,-5.356461
41268935,9.760902,-24.395668,-7.340735
41268945,6.3719497,-19.370918,-11.524834
41268955,1.3304334,-13.892311,-13.715079
41268965,-4.4643164,-4.008065,-12.621753
41268975,-10.322535,3.2272887,-9.909393
41268985,-6.9527416,4.4786863,-6.411467
41268995,-1.475332,0.25027955,-0.14609618
41269005,3.5087037,-5.0750465,4.5565248
41269015,6.0665846,-10.340497,8.369396
41269025,4.5637097,-13.873151,7.8616514
41269035,1.9016455,-14.73895,5.0427136
41269046,0.16765137,-11.796669,3.0967603
41269056,0.6167175,-8.064031,0.92687255
41269066,2.0944445,-5.5732102,0.29099488
41269076,3.6380346,-4.9014072,1.3016931
41269086,4.0272255,-5.4582496,2.880011
41269096,3.3769774,-6.2426186,4.070336
41269106,2.6812243,-5.0283437,3.8727465
41269116,2.7818153,-3.3913476,3.9002893
41269126,2.7985804,-2.6908045,3.8763392
41269136,3.3793726,-3.290757,4.9205675
41269146,3.2129188,-4.6187954,5.595963
41269156,3.4524207,-4.5158095,5.3504734
41269166,3.3865576,-2.389032,4.7601013
41269176,4.0727305,0.9364526,3.3182995
41269186,4.223617,3.2739916,2.0764818
41269196,3.747008,4.091891,0.5388794
41269206,2.654879,4.2930727,-1.2298425
41269216,2.5902135,4.382886,-2.5207582
41269226,2.290836,4.1757164,-3.2260914
41269237,2.6692493,3.7015028,-3.307522
41269247,1.6621436,2.618954,-2.2608984
41269257,0.15567628,-0.65743285,-0.19279908
41269267,-1.4489868,-7.5131764,2.811753
41269277,-2.081272,-15.645465,5.948031
41269287,-0.85142946,-21.424646,9.709409
41269297,1.2837305,-24.802822,12.9115505
41269307,1.5663428,-22.050945,16.17716
41269317,0.083825685,-12.661271,13.328283
41269327,0.6251001,-2.4369323,1.7974621
41269337,-6.75635,-0.36404297,-10.116563
41269347,-13.412109,-1.1496093,-25.26506
41269357,-10.884167,-4.8822474,-31.130465
41269367,-9.148974,-14.409635,-30.835876
41269377,-3.7458105,-21.326452,-19.752924
41269387,5.4163365,-26.206305,-6.3288393
41269397,9.675879,-25.201593,-9.740544
41269407,6.8964586,-19.356548,-17.684824
41269417,3.0320947,-12.163107,-19.972069
41269427,-1.9902612,-3.0943651,-17.082478
41269438,-4.8187795,1.165177,-14.3749075
41269448,-6.1252623,-1.4693445,-9.072334
41269458,-4.301455,-3.9505847,-4.1170387
41269468,-0.20477417,-5.542075,-1.541195
41269478,2.941084,-6.949149,0.38919067
41269488,3.7458105,-9.153765,0.6658154
41269498,3.6583924,-10.782378,0.90531737
41269508,3.2967443,-11.208692,0.97118044
41269518,2.9027636,-10.960807,0.086220704
41269528,2.5207582,-10.800341,-1.047821
41269538,2.7842102,-10.18482,-1.4669495
41269548,2.9446764,-9.556128,-1.0178833
41269558,2.838098,-7.8424916,0.17483643
41269568,3.171006,-6.2031007,0.8681946
41269578,3.2356713,-4.9852333,1.5543677
41269588,3.1183155,-3.993695,2.5950036
41269598,2.870431,-3.302732,3.2596216
41269608,2.7686427,-2.8979735,4.0499783
41269618,2.842888,-2.3447242,5.3899913
41269628,3.2799792,-0.83825684,5.9192905
41269639,3.7996986,1.4537768,4.5062294
41269649,6.5108604,4.0954833,3.4260755
41269659,7.3563023,4.8451247,1.1603869
41269669,4.0176454,3.3662,-0.93884766
41269679,0.6777905,1.7220191,-3.7206628
41269689,-0.20118164,3.131488,-7.277267
41269699,1.4920971,6.1180773,-9.689052
41269709,1.6717236,6.2797413,-9.314231
41269719,0.9568103,2.9027636,-7.026987
41269729,-0.5292993,-2.8297155,-2.647694
41269739,-1.6789087,-10.024354,1.9866687
41269749,-1.3388159,-19.094294,8.601712
41269759,0.09460327,-27.85767,14.576089
41269769,0.62390256,-31.482533,21.035456
41269779,-1.6765137,-25.192013,21.617447
41269789,-0.30895752,-5.7564297,13.153447
41269799,-3.725453,7.274872,-5.239105
41269809,-15.422729,-3.194956,-36.38274
41269820,-15.799944,-12.450509,-37.09526
41269830,-16.58551,-33.72906,-35.252293
41269840,0.24908203,-38.669987,-14.338982
41269850,16.413069,-29.91978,-10.829081
41269860,12.043356,-29.12224,-11.304492
41269870,7.4664736,-23.440056,-12.355906
41269880,-4.639153,-9.633966,-10.366842
41269890,-9.763297,7.5419164,-12.622951
41269900,-8.759784,13.3689995,-5.5312977
41269910,-1.0250684,9.423204,0.64665526
41269920,5.0894165,6.524033,4.176914
41269930,8.822055,3.906277,5.2510805
41269940,9.533375,1.7627344,9.040001
41269950,8.262817,-2.0501368,13.7629795
41269960,3.4404457,-5.836663,9.675879
41269970,0.081430666,-2.635719,3.7122803
41269980,1.1029065,2.4560926,-0.07065307
41269990,0.8705896,4.1637416,-2.809358
41270000,0.57959473,3.9553747,-6.1671753
41270011,1.0657837,6.6485744,-7.7921963
41270021,-1.0130932,5.070256,-7.8317137
41270031,-2.950664,-1.7423767,-7.514374
41270041,-2.2309606,-12.146341,-3.8188586
41270051,0.8298743,-23.920258,3.9517822
41270061,2.0213964,-31.393915,9.493857
41270071,1.7112415,-28.571386,16.010706
41270081,-0.46942383,-19.996017,13.115127
41270091,0.8969348,-4.5565248,1.3448035
41270101,-4.29427,6.001919,-19.38888
41270111,-10.441088,2.3004162,-35.776802
41270121,-16.761543,-16.184345,-28.941416
41270131,-12.54152,-27.61218,-11.601475
41270141,4.670288,-33.900303,-8.6843405
41270151,13.370196,-24.623196,-23.455624
41270161,11.61345,-18.436861,-29.05039
41270171,5.926476,-12.076886,-23.296354
41270181,-1.2154725,-5.26066,-17.483643
41270192,-6.3851223,-4.228407,-11.44939
41270202,-6.791078,-2.7710376,-5.273833
41270212,-3.9757323,-1.1196716,-0.6322852
41270222,0.41673338,1.7208215,4.0092626
41270232,3.554209,2.2752686,5.9037232
41270242,3.8679566,0.6442602,7.7586656
41270252,3.4548156,-0.791554,10.418335
41270262,2.1878502,-2.2561083,11.414663
41270272,1.1184741,-2.0357666,9.131012
41270282,3.38536,0.033530273,5.191205
41270292,4.658313,0.66821045,2.3686743
41270302,2.5926087,-0.5987549,-1.0861413
41270312,1.465752,-0.086220704,-5.9851537
41270322,1.0562036,4.660708,-11.275752
41270332,1.3651612,9.14658,-14.485078
41270342,-0.031135254,5.7660093,-15.08024
41270352,-3.3554223,-2.7614574,-13.965359
41270362,-1.6669335,-15.209572,-7.5670643
41270373,2.9710217,-31.116095,4.237987
41270383,5.1624646,-39.20767,11.94995
41270393,5.6151233,-38.429287,16.68131
41270403,1.3603711,-29.192894,13.149855
41270413,1.8477576,-7.4664736,0.23950195
41270423,-9.751322,11.876902,-24.086712
41270433,-18.495539,2.4584875,-29.682674
41270443,-22.879622,-19.794836,-22.922731
41270453,-4.4032435,-31.476543,-24.920177
41270463,15.499369,-26.817034,-27.408604
41270473,20.392393,-18.89431,-33.90749
41270483,15.178436,-12.0253935,-26.53562
41270493,6.2414207,-10.443482,-21.164787
41270503,-2.8716285,-7.909552,-11.178754
41270513,-9.686657,-1.9232007,-4.6619053
41270523,-10.982362,6.3539867,-1.2921131
41270533,-4.5050316,12.178675,-0.70533323
41270543,0.009580079,12.87802,2.210603
41270553,4.3517504,12.490026,5.1612673
41270564,7.0150123,9.704619,7.5359287
41270574,9.493857,5.8198977,8.246052
41270584,9.133407,2.4153771,6.0617943
41270594,4.4810815,-3.114723,3.6260595
41270604,-0.82747924,-5.9204884,0.0023950196
41270614,-2.511178,-0.97477293,-5.292993
41270624,0.022752685,9.272318,-8.835227
41270634,2.1926403,14.42161,-10.099797
41270644,3.265609,13.242063,-9.8519125
41270654,2.842888,8.355025,-8.217312
41270664,2.1674926,-0.40236327,-5.5456676
41270674,-0.9508228,-8.133487,-5.660629
41270684,0.4790039,-18.44644,2.5806336
41270694,3.1183155,-29.579689,10.050699
41270704,5.277426,-36.37316,20.345692
41270714,1.7950672,-35.333725,23.94301
41270724,1.8992505,-19.350561,7.494016
41270734,-2.4680676,0.04670288,-3.7086878
41270744,-27.312803,-1.1460168,-30.95443
41270755,-13.033696,-10.067465,-38.81129
41270765,-13.276791,-23.571783,-38.81129
41270775,-0.5903723,-28.921059,-23.087988
41270785,17.86445,-32.795002,-22.143152
41270795,15.468234,-23.883135,-24.316633
41270805,10.299782,-13.347444,-19.722986
41270815,2.259701,-9.183702,-12.767849
41270825,-6.7060547,-2.9794042,-7.5359287
41270835,-17.198635,6.5455885,-1.0095007
41270845,-11.397898,12.476854,-4.749324
41270855,-7.232959,14.578484,-1.0849439
41270865,-0.549657,13.371394,1.7399817
41270875,5.4271145,12.218192,2.8105555
41270885,11.221864,11.129656,-0.1844165
41270895,13.52707,10.568024,-2.6105714
41270905,6.5851064,3.9972875,-1.9519409
41270915,-0.68377805,-0.90531737,-3.685935
41270925,-7.0066295,-1.2502002,-3.5374439
41270935,-6.891669,3.9050794,-4.9385304
41270946,-1.9172131,8.61728,-4.0463853
41270956,1.5615528,8.116721,-1.4825171
41270966,2.711162,4.0511756,1.9279907
41270976,2.5207582,-0.82867676,4.799619
41270986,1.719624,-3.5973194,5.2810183
41270996,0.33171022,-7.0952454,5.588778
41271006,0.33171022,-9.528585,5.264253
41271016,1.1484119,-11.508069,3.6452198
41271026,0.5831873,-13.277988,3.9781275
41271036,0.9508228,-15.0515,-3.0776
41271046,-0.89932984,-17.615368,-8.21851
41271056,-5.484595,-22.885609,-12.567865
41271066,-7.401808,-27.134375,-14.548546
41271076,-8.587342,-29.519814,-14.00847
41271086,-9.011261,-30.246702,-9.631571
41271096,-4.2104445,-25.886568,-5.3193383
41271106,0.52091676,-20.345692,-2.7422974
41271116,3.3626075,-15.240706,-3.2883618
41271126,3.3973353,-11.904445,-3.9829175
41271137,2.5902135,-9.295071,-4.4691067
41271147,2.2261705,-7.2269716,-5.1720448
41271157,2.3555017,-5.635481,-4.4427614
41271167,3.214116,-5.367239,-2.577041
41271177,4.006868,-5.4810023,-0.068258055
41271187,4.4990444,-5.8438478,1.6465759
41271197,4.7253737,-6.094127,3.1470556
41271207,5.0570836,-5.3624487,3.9026842
41271217,5.292993,-4.142186,3.732638
41271227,5.5265074,-2.9542565,3.0764027
41271237,5.6797886,-2.1291723,2.1243823
41271274,5.691764,-2.1842577,1.0861413
41271284,5.623506,-3.5266662,0.16166382
41271294,5.140909,-5.452262,-0.81550413
41271304,4.636758,-7.738308,-2.884801
41271315,4.242777,-11.181149,-6.3132715
41271325,3.9290295,-16.203505,-10.142908
41271335,3.2308815,-22.049747,-13.310321
41271345,3.1470556,-27.846891,-14.924564
41271355,2.8644433,-31.632221,-9.84832
41271365,1.0669812,-29.042007,0.32093263
41271375,-2.823728,-24.80881,1.4465919
41271385,-6.8090405,-22.055735,-1.5052698
41271395,-7.0389624,-20.046314,-6.6234264
41271405,-4.8235693,-17.683626,-9.517808
41271415,-3.6464171,-15.890955,-9.011261
41271425,-3.133883,-13.306728,-7.397018
41271435,-3.2644117,-10.120155,-6.815028
41271445,-4.3924656,-5.9228835,-6.365962
41271455,-5.0918117,-1.726809,-6.6701293
41271465,-5.407954,1.6058606,-5.2175503
41271475,-4.4403663,3.9338195,-3.3925452
41271485,-3.8212538,5.548063,-2.3363416
41271495,-2.2920337,7.841294,-1.6872913
41271506,-0.38080812,10.105785,-2.0944445
41271516,0.9580078,11.729609,-2.9841943
41271526,0.8454419,12.112811,-4.942123
41271536,-0.028740235,12.2505245,-6.3060865
41271546,-1.6968713,12.403806,-8.404123
41271556,-2.8297155,13.272,-9.24717
41271566,-2.7351122,13.699512,-8.513097
41271576,-2.9542565,11.565549,-6.4725404
41271586,-3.0368848,7.606582,-4.24637
41271596,-3.234474,2.9099488,-2.8788135
41271606,-3.7745507,-1.1603869,-2.8129504
41271616,-3.485951,-4.9576902,-3.194956
41271626,-4.721781,-11.123669,-3.2440538
41271636,-6.3108764,-20.955223,1.9866687
41271646,-8.787327,-26.315277,7.03058
41271656,-13.367802,-22.025797,15.968793
41271666,-6.9036436,-12.216994,-3.4045203
41271676,-13.803695,-7.056925,-16.209492
41271686,-28.18938,-14.96528,-37.375477
41271697,-28.291168,-28.968958,-38.81129
41271707,-17.442926,-38.659206,-38.10955
41271717,-13.203743,-39.20767,-18.3698
41271727,-3.302732,-37.09526,-13.8827305
41271737,6.321654,-29.27552,-11.851754
41271747,4.1445813,-20.417542,-11.739188
41271757,-2.8764184,-9.934541,-12.201427
41271767,-6.4018874,-0.8586145,-15.476616
41271777,-5.5540504,-1.2382251,-12.222982
41271787,-3.3182995,-5.4486694,-7.9742174
41271797,-0.6706055,-8.783734,-5.8713903
41271807,2.4465125,-10.299782,-4.2559495
41271817,4.8163843,-11.702065,-4.0511756
41271827,5.548063,-13.311519,-5.1301317
41271837,5.2678456,-14.898219,-7.195836
41271847,4.397256,-16.240627,-7.732321
41271861,3.4679883,-16.961529,-7.462881
41271871,2.6692493,-16.968714,-7.1874537
41271881,2.0501368,-14.8886385,-5.23671
41271891,1.4992822,-11.176358,-3.8452039
41271901,1.3160633,-8.061636,-2.2680836
41271911,1.2813355,-6.476133,-2.0537293
41271921,1.5591577,-5.498965,-1.6226257
41271931,2.8764184,-6.74677,6.324049
41271941,1.4609619,-6.163583,6.4258375
41271951,-2.198628,-0.59755737,3.9517822
41271961,-2.494413,6.7779055,4.721781
41271971,2.5530908,12.106824,4.1050634
41271981,8.404123,12.703183,3.7086878
41271991,9.826765,8.446036,3.8583765
41272001,3.6021094,-2.7614574,3.3123121
41272011,-1.7914746,-7.4245605,1.9196081
41272021,-4.5122166,2.3722668,-4.174519
41272031,-4.269122,14.42161,-8.465197
41272041,-2.198628,18.175804,-8.871152
41272051,-1.6717236,13.662389,-7.5371265
41272061,-2.9195287,4.7768664,-6.246211
41272072,-4.1637416,-4.90021,-7.350315
41272082,-3.0859826,-13.226496,-4.079916
41272092,-0.8849597,-19.751726,-0.92328
41272102,0.56881714,-22.453308,3.2129188
41272112,0.7759863,-19.39846,3.9469922
41272122,-1.7375866,-14.428795,-4.0176454
41272132,-3.4715807,-6.245013,-18.808088
41272142,-12.394226,-5.762417,-31.179562
41272152,-15.195202,-22.279669,-30.279034
41272162,-15.608342,-35.702557,-21.291723
41272172,-3.2081287,-39.20767,-12.337943
41272182,8.389753,-37.526363,-18.414108
41272192,7.167096,-32.621365,-27.637327
41272202,2.7243347,-21.583916,-23.410118
41272212,-0.5400769,-8.486752,-18.03809
41272222,-5.9372535,6.8018556,-16.694483
41272232,-6.5216384,9.895023,-12.487632
41272242,-2.7590625,5.691764,-4.423601
41272252,1.5040723,2.4249573,3.4200878
41272262,6.201903,0.7137158,13.000166
41272273,7.4497085,-2.875221,13.959372
41272283,4.373306,-3.05365,13.230088
41272293,1.8657203,-1.6860938,7.876022
41272303,2.1219873,1.155597,1.3807287
41272313,1.0059083,3.610492,-4.701423
41272323,0.7484436,8.242459,-8.90109
41272333,1.8717078,13.746215,-10.80992
41272343,1.111289,16.574732,-9.616003
41272353,-1.3651612,14.885046,-8.649613
41272363,-3.239264,9.793235,-6.6018715
41272373,-4.101471,2.7351122,-4.6690907
41272383,-4.167334,-4.9205675,-2.2046156
41272393,-4.047583,-12.949871,-1.8441651
41272403,-3.1051428,-18.945803,1.7639319
41272413,-1.8741028,-20.934866,7.738308
41272423,-2.1794677,-15.684983,11.595487
41272433,-3.133883,-6.4246397,0.9556128
41272443,-7.479646,-3.0811927,-20.55286
41272453,-12.843292,-10.844648,-32.09326
41272464,-18.590141,-24.359743,-28.941416
41272474,-17.397423,-36.24742,-26.312881
41272484,-6.8090405,-34.865498,-14.3306
41272494,2.43813,-31.765144,-13.394147
41272504,5.987549,-26.724825,-17.543518
41272514,1.1867322,-19.381695,-20.142115
41272524,-2.2585034,-8.963361,-18.91706
41272534,-4.4487486,-4.8103967,-18.314714
41272544,-5.007986,-6.0198817,-15.523319
41272554,-3.3374598,-9.14658,-12.321178
41272564,-1.1843371,-12.279265,-9.527388
41272574,0.13412109,-15.565232,-7.1144056
41272584,0.7747888,-17.766254,-5.821095
41272594,0.24548951,-19.032022,-5.8713903
41272604,-1.1532019,-19.356548,-6.029462
41272614,-2.015409,-18.263222,-6.3959
41272624,-2.6417065,-14.643149,-6.73719
41272634,-3.434458,-10.96919,-7.1539235
41272651,-3.473976,-7.8592567,-6.086942
41272661,-3.1961536,-4.942123,-4.3026524
41272671,-2.191443,-3.0332923,-2.6764343
41272681,-0.87777466,-1.9208057,-1.0813513
41272691,0.21435425,-1.3495935,0.55803955
41272701,1.1496093,-1.0813513,1.5711328
41272711,1.0585986,-1.0825489,2.0070264
41272721,1.3028907,-0.9939331,1.8405725
41272731,0.8262817,-0.61911255,2.0585194
41272741,0.08981323,0.791554,2.7806177
41272751,-0.4921765,3.0560448,2.9015663
41272761,-0.20237915,6.0689793,1.9818786
41272771,0.8789722,8.860374,-0.5221143
41272781,2.215393,10.111773,-3.7194653
41272791,1.7076489,9.792037,-6.3539867
41272801,0.5173242,8.125104,-6.5384035
41272811,-1.5232325,6.9503465,-6.6018715
41272821,-2.7638526,7.322772,-7.169491
41272831,-2.8201356,8.5011215,-6.7132397
41272842,-2.4249573,8.054451,-5.3121533
41272852,-2.0142114,5.925278,-3.3302746
41272862,-2.7099645,2.0657043,-1.7986597
41272872,-3.1985486,-2.4117846,-0.17244141
41272882,-4.149371,-8.984916,0.6322852
41272892,-4.536167,-14.773678,1.8453625
41272902,-4.575685,-17.593813,4.691843
41272912,-5.3217335,-16.414267,7.5682616
41272922,-5.7276893,-8.801697,3.5206788
41272932,-4.89542,-0.13771363,-8.97294
41272942,-13.216915,-4.4008484,-16.066988
41272952,-20.07146,-25.217161,-30.469439
41272962,-13.063634,-29.857512,-31.652578
41272972,-11.229049,-39.07115,-26.267376
41272982,-6.4749355,-35.673817,-15.766414
41272992,-0.7747888,-27.41459,-10.876981
41273002,1.8812878,-19.816391,-7.540719
41273012,-1.1340418,-13.50791,-9.1693325
41273022,-2.7339149,-7.1682935,-6.165978
41273032,-1.8333875,-2.45729,-4.9277525
41273043,-0.58558226,-1.355581,-5.1696496
41273053,0.39996827,-2.7722352,-3.793711
41273063,1.6549585,-4.4894643,-2.396217
41273073,2.4692652,-6.597081,-1.8872753
41273083,2.7231371,-8.335865,-1.3567786
41273093,2.9147387,-9.279503,-0.9807605
41273103,2.6009912,-9.619596,-0.7867639
41273113,2.166295,-9.490265,-0.75203615
41273123,1.7651294,-9.190887,-1.0574012
41273138,1.5196398,-8.728649,-1.6405884
41273148,1.3352234,-8.946595,-2.102827
41273158,1.1963123,-9.55014,-2.325564
41273168,1.0238708,-10.256671,-2.6141639
41273178,0.9927356,-10.958412,-3.0249097
41273188,0.8705896,-11.381133,-3.0835876
41273198,0.6047424,-11.735596,-3.0572424
41273208,0.30296996,-11.933185,-3.150648
41273219,-0.038320314,-12.038566,-2.863246
41273229,-0.5664221,-12.664864,-2.753075
41273239,-0.69096315,-13.027709,-2.088457
41273249,-1.1987072,-12.9750185,-1.4394068
41273259,-1.956731,-13.177398,-0.9520203
41273269,-2.5087829,-13.009747,-0.5664221
41273279,-2.6405091,-12.242143,-0.10897339
41273289,-2.7159522,-11.346405,0.5664221
41273299,-2.687212,-10.229129,1.101709
41273309,-2.7003846,-9.150172,1.607058
41273319,-2.8009753,-8.126301,2.290836
41273329,-2.7303224,-7.6568775,2.7494824
41273339,-2.6955945,-7.6161623,3.3159046
41273349,-2.8285182,-8.147857,4.639153
41273359,-2.8512707,-9.311836,4.6032276
41273369,-2.7446923,-10.049502,4.7696815
41273379,-2.5926087,-9.714199,5.388794
41273389,-1.9746937,-8.489147,5.2977834
41273399,-1.9148182,-7.098838,5.0894165
41273410,-2.0058289,-5.925278,4.860692
41273420,-2.0525317,-5.294191,4.9301476
41273430,-2.071692,-5.2403026,5.0019984
41273440,-1.9675086,-5.5133348,5.686974
41273450,-1.9411633,-5.9588084,5.943241
41273460,-1.8776953,-5.989944,6.4964905
41273470,-1.8273998,-5.7875648,6.866521
41273480,-1.9339783,-5.334906,6.883286
41273490,-2.0213964,-5.1624646,7.4125853
41273500,-2.0920496,-5.2115626,7.4473133
41273510,-2.1064196,-5.109774,8.140672
41273520,-1.9986438,-4.8379393,8.672366
41273530,-1.9315833,-4.211642,8.916657
41273540,-2.083667,-3.5206788,9.297466
41273550,-2.1830604,-3.171006,9.301059
41273560,-1.712439,-2.9183314,9.501042
41273570,-0.8071216,-3.3554223,9.362131
41273580,-1.101709,-4.287085,7.98739
41273590,-1.1843371,-4.7050157,7.715555
41273601,-1.0442286,-4.1589513,7.67484
41273611,-1.0238708,-3.307522,7.9718227
41273621,-0.9903406,-2.6884093,8.097561
41273631,-0.88855225,-2.13037,8.473579
41273641,-0.5125342,-1.651366,8.704699
41273651,-0.47062135,-1.343606,8.681946
41273661,0.0,-0.16765137,8.769364
41273671,0.05628296,1.0346484,7.8005786
41273681,-0.9460327,0.5640271,7.085665
41273691,-0.18202148,0.6550378,7.9861927
41273701,0.42032593,0.6706055,8.56938
41273711,-0.26464966,-0.4071533,8.539442
41273721,-0.12813355,-0.8861572,9.115444
41273731,0.10298584,-1.5088623,9.536968
41273741,0.08023316,-1.2957056,9.616003
41273751,0.0,-0.71850586,9.286688
41273761,-0.9316626,-0.7424561,8.725056
41273771,-0.2203418,-0.07544312,8.9513855
41273781,1.0753638,-0.34248778,9.412427
41273792,-0.32692015,-0.8813672,8.928633
41273802,-0.14489868,-0.9364526,9.419612
41273812,0.120948486,-1.0214758,9.777667
41273822,0.16645385,-1.4082714,10.081835
41273832,-0.08861572,-1.2837305,9.984837
41273842,-0.1484912,-1.0837463,9.875863
41273852,-0.09939331,-1.1508069,9.78126
41273862,-0.18202148,-1.2178674,9.721384
41273872,-0.2203418,-1.2346326,9.80042
41273882,-0.10657837,-1.1292517,9.857901
41273892,0.027542725,-0.9029224,9.923763
41273902,0.04430786,-1.099314,9.932146
41273912,0.05628296,-1.0130932,9.927356
41273922,0.05029541,-1.1029065,9.953701
41273932,0.22273682,-0.92567503,10.003997
41273942,0.13891113,-0.87657714,9.673484
41273952,-0.068258055,-1.0897338,9.756112
41273962,-0.029937744,-1.3148657,9.769284
41273973,0.05149292,-1.2202624,9.716595
41273983,0.0119750975,-0.9460327,9.457932
41273993,-0.014370117,-0.85023195,9.416019
41274003,0.26584718,-0.7604187,9.398057
41274013,0.14010864,-0.86220706,9.441167
41274023,-0.16046631,-0.91489744,9.251961
41274033,-0.30895752,-0.73407346,9.18011
41274043,-0.7041357,-0.98195803,8.913065
41274053,-6.8509536,-2.6249413,9.9010105
41274063,3.4967284,-0.1101709,9.14658
41274073,-2.4177723,-1.7076489,8.264015
41274083,-0.1472937,-1.0897338,10.306967
41274093,0.8753796,-1.9232007,11.644585
41274103,0.6550378,-1.8429675,11.775113
41274113,-1.0562036,-1.7914746,10.587184
41274123,-0.8921448,-0.7244934,9.544153
41274133,-0.25147706,-0.17603393,9.672286
41274143,-0.6538403,-0.7975415,9.879456
41274153,-0.47301635,-1.1292517,10.116563
41274163,-0.22632934,-1.1508069,10.4075575
41274174,-0.16525635,-1.2011023,10.250684
41274184,-0.09460327,-1.099314,10.298584
41274194,-0.031135254,-1.0490185,10.239906
41274204,0.05149292,-1.0023156,10.120155
41274214,0.17842895,-0.71251833,9.823173
41274224,0.20836669,-0.5400769,9.645941
41274234,0.122145995,-0.59635985,9.414822
41274244,0.13651611,-0.5448669,9.469907
41274254,0.21674927,-0.6777905,9.522597
41274264,0.20836669,-0.76161623,9.668694
41274274,0.22992188,-0.80472654,9.649533
41274284,0.12573853,-0.85023195,9.54535
41274294,0.1592688,-0.91010743,9.586065
41274304,0.061072998,-0.7161108,9.46392
41274314,0.14250366,-0.59755737,9.304651
41274324,0.09340576,-0.6394702,9.422007
41274334,0.11615845,-0.8753796,9.479487
41274344,0.21195923,-0.99752563,9.635163
41274354,0.1963916,-0.9831555,9.558523
41274365,0.11615845,-0.94962525,9.702224
41274375,0.16405883,-1.0083032,9.669891
41274385,0.039517824,-1.162782,9.748927
41274395,0.09939331,-1.0921289,9.594448
41274405,0.09699829,-0.89334226,9.484278
41274415,0.13651611,-0.8921448,9.515412
41274425,0.07304809,-0.9460327,9.629176
41274435,0.124541014,-1.1064991,9.702224
41274445,0.29099488,-1.2142749,9.825567
41274455,0.3329077,-1.343606,9.754914
41274465,0.4406836,-1.2837305,9.877061
41274475,0.37122804,-1.4908997,9.701027
41274485,0.3556604,-1.341211,9.718989
41274495,0.37122804,-1.0597961,9.410031
41274505,0.43110353,-0.8753796,9.348959
41274515,0.3544629,-0.8250842,9.460327
41274525,0.4921765,-1.0130932,9.485475
41274535,0.6143225,-1.2298425,9.592053
41274546,0.5939648,-1.3268409,9.890233
41274556,0.59276736,-1.353186,9.651929
41274566,0.5053491,-1.1639795,9.678274
41274576,0.5400769,-0.9939331,9.720187
41274586,0.368833,-0.99752563,9.627978
41274596,0.33171022,-0.9077124,9.571695
41274606,0.23471192,-1.0059083,9.713001
41274616,0.22992188,-1.0789562,9.845925
41274626,0.19998413,-1.2142749,9.993219
41274636,0.2586621,-1.1424243,9.970467
41274646,0.062270507,-1.2166699,9.962084
41274656,0.0047900393,-1.1807446,9.996812
41274666,0.021555176,-1.1591895,9.948911
41274676,-0.03592529,-0.91849,9.8028145
41274686,-0.086220704,-0.91489744,9.762099
41274696,-0.20118164,-0.79993653,9.678274
41274706,-0.13292359,-0.7735913,9.708212
41274716,-0.18681152,-0.796344,9.784852
41274727,-0.13052857,-0.86100954,9.817185
41274737,-0.11855347,-0.8586145,9.88185
41274747,-0.09580078,-0.8238867,9.83874
41274757,-0.15088624,-0.791554,9.81
41274767,-0.15088624,-0.6215076,9.720187
41274777,-0.2694397,-0.7256909,9.570498
41274787,1.6944764,2.2381458,10.399175
41274797,-0.85142946,-1.4322217,9.720187
41274807,0.0490979,-2.7566674,11.059003
41274817,0.72808594,-3.1602283,11.67572
41274827,-0.13292359,-2.6931994,11.408675
41274837,-1.0921289,-0.83945435,9.875863
41274847,-0.8322693,0.43828857,9.18011
41274857,-0.8753796,0.11136841,9.375304
41274867,-0.59516233,-0.51971924,9.866283
41274877,-0.24548951,-0.65264285,10.047107
41274887,-0.45984375,-0.5712122,10.068662
41274897,-0.5113367,-0.671803,10.1333275
41274907,-0.49696654,-1.0909314,10.236314
