40287396,-2.5566833,-6.267766,6.929989
40287406,-2.4848328,-6.253396,6.894064
40287416,-2.2489233,-6.2031007,6.5192432
40287511,-2.3267615,-7.442523,4.1385937
40287516,-2.1076171,-8.969348,3.8871167
40287526,-2.1327648,-9.88185,3.1494508
40287536,-1.8573376,-10.15129,2.2561083
40287547,-1.7208215,-10.135723,0.90052736
40287557,-1.5878979,-10.317744,-0.84065187
40287567,-1.7256116,-11.455379,-1.8405725
40287577,-1.9076331,-12.27687,-0.27183473
40287587,-1.1855347,-12.815749,0.40236327
40287597,-1.0286609,-12.292438,0.09580078
40287607,-1.2693603,-11.866124,-1.9243982
40287617,-1.607058,-11.130854,-4.931345
40287627,-0.9568103,-11.009905,-7.4389305
40287637,-0.33889526,-11.729609,-9.616003
40287647,0.4790039,-11.499686,-10.590776
40287657,0.6095325,-10.967992,-9.309441
40287667,0.15687378,-11.492501,-8.181387
40287677,-0.6274951,-12.23376,-8.052055
40287687,-0.66821045,-11.724818,-8.828042
40287697,-0.8957373,-9.20885,-9.952503
40287707,-1.355581,-7.5419164,-8.5154915
40287717,0.0071850587,-3.8763392,-8.528665
40287727,-5.8342676,-7.723938,7.69879
40287737,-6.1276574,-12.9187355,5.576803
40287748,-2.499203,-10.977572,-2.863246
40287758,-0.67898804,-8.176597,-2.6656568
40287768,-0.5783972,-4.4762917,-4.2583447
40287778,-1.0166858,-3.0165272,-5.283413
40287788,-0.24668701,-5.4067564,-5.877378
40287798,1.5483801,-8.246052,-7.1048255
40287808,3.1075377,-9.0567665,-6.9192114
40287818,3.1805859,-9.447155,-6.001919
40287828,3.918252,-9.268725,-4.877457
40287838,4.29427,-9.924961,-2.8249254
40287848,3.9338195,-10.172846,-0.6334827
40287858,3.3458424,-8.741821,-0.6933582
40287868,2.274071,-6.6497717,-1.4166541
40287878,0.8310718,-5.374424,-0.93884766
40287888,0.22513184,-6.734795,0.23471192
40287898,0.8562195,-8.008945,0.13412109
40287908,1.4825171,-8.754993,-0.4921765
40287918,2.6620643,-8.073611,-1.1759546
40287928,3.6919227,-7.6880126,-2.5171654
40287938,3.424878,-7.5203614,-2.5483007
40287948,1.045426,-6.9994445,-6.308481
40287959,-2.1279747,-11.485316,-2.1136048
40287969,-0.08023316,-9.210048,-7.588619
40287979,4.174519,-3.861969,-12.979809
40287989,2.6632617,-3.6703675,-7.477251
40287999,-1.8178198,-7.7299256,-6.8772984
40288009,-6.2941113,-10.192005,-8.329878
40288019,-5.8079224,-7.570657,-13.267211
40288029,-2.6788294,-5.3384986,-15.06108
40288039,1.0346484,-6.3719497,-12.583432
40288049,0.09939331,-12.907958,-8.841214
40288059,-1.7028589,-12.927118,-6.9898643
40288069,-2.1878502,-7.571854,-8.697514
40288079,-1.6034656,-4.4786863,-10.560839
40288089,-0.5149292,-4.940925,-9.635163
40288099,0.7843689,-6.788683,-4.2906775
40288109,1.1316468,-11.02188,-0.83945435
40288119,1.4477893,-6.5695386,-4.317023
40288129,2.4045997,-0.7209009,-8.241262
40288139,2.9925768,-4.5780797,-5.52052
40288150,3.131488,-11.383528,-0.44667113
40288160,3.9194496,-13.925841,1.3687537
40288170,3.8188586,-10.605146,2.5123756
40288180,4.740941,-6.507268,0.7005432
40288190,4.685856,-8.624465,1.4980847
40288200,4.555327,-9.047186,1.8609302
40288210,3.634442,-6.397097,2.938689
40288220,2.5854235,-4.5134144,3.6392322
40288230,2.5938063,-5.8498354,3.9038818
40288240,1.5028747,-8.952583,3.1554382
40288250,1.8226099,-5.9276733,2.6405091
40288260,3.1961536,-5.1061816,-0.040715333
40288270,2.2261705,-7.6233473,-2.1830604
40288280,-1.104104,-8.032895,-3.046465
40288297,1.2370276,-7.835306,-6.798263
40288307,3.060835,-9.363329,-12.177477
40288317,3.3913476,-9.734557,-10.174043
40288327,2.0597167,-8.491542,-7.6317296
40288337,-2.389032,-8.05924,-8.418493
40288348,-4.484674,-11.922407,-8.653206
40288358,-4.2020617,-14.298266,-8.111931
40288368,-2.0489392,-12.268488,-10.243499
40288378,0.08861572,-10.405163,-9.756112
40288388,0.49097902,-13.979729,-8.641231
40288398,-0.6538403,-14.446758,-7.6101747
40288408,-0.9520203,-10.612331,-6.957532
40288418,-0.36524048,-7.8089614,-8.485554
40288428,0.57959473,-7.9251194,-8.384963
40288438,0.48259643,-8.984916,-5.742059
40288448,1.9387683,-11.621832,-0.69216067
40288458,2.2441332,-13.154645,0.37362304
40288468,2.2297633,-6.812633,-5.215155
40288478,2.757865,-3.131488,-7.276069
40288488,3.6068995,-10.169253,-3.3997302
40288498,2.6285338,-12.464879,2.7339149
40288508,2.882406,-6.1252623,4.8259645
40288518,2.8764184,-5.8558226,6.3036914
40288528,3.2057335,-9.241183,8.996891
40288538,2.5973988,-10.741663,7.6544824
40288549,2.7734327,-7.961045,7.994575
40288559,2.8572583,-7.3850427,7.0629125
40288569,2.9782069,-6.2809386,6.2941113
40288579,4.5984373,-4.399651,5.5372853
40288589,4.518204,-7.8377013,4.4343786
40288599,2.718347,-10.930869,4.3457627
40288609,2.6153612,-11.156001,3.4129028
40288619,1.3627661,-11.086545,3.4356556
40288629,2.6441016,-9.551338,0.79514647
40288639,3.1841784,-7.452103,0.45265868
40288649,4.834347,-3.4943335,0.15088624
40288659,3.1865735,-7.459288,2.090852
40288669,-1.8273998,-10.284214,2.957849
40288679,-1.8609302,-10.643467,0.97597045
40288689,-0.50894165,-10.503358,-1.660946
40288699,1.834585,-10.427915,-4.1026683
40288709,3.2081287,-10.4566555,-5.9516234
40288719,3.5122962,-10.399175,-7.476053
40288729,3.1985486,-9.86748,-8.05924
40288740,2.5926087,-10.084229,-7.242539
40288750,2.2070105,-10.399175,-5.8953404
40288760,2.8644433,-9.9644785,-4.731361
40288773,3.317102,-10.5764065,-2.9111462
40288783,2.3123913,-12.208612,-0.77838135
40288793,2.569856,-13.207335,0.15687378
40288803,2.8273206,-15.129338,0.019160157
40288814,0.9891431,-15.0503025,1.8178198
40288824,1.4645544,-12.807367,1.3867164
40288834,-0.38440064,-11.4769335,0.5616321
40288844,4.0583606,-9.011261,3.2045362
40288854,4.29906,-9.49745,-1.2945081
40288864,5.982759,-1.8824854,-2.7315197
40288874,3.4428406,1.3400134,-3.1255004
40288884,-0.61073,-0.94363767,-1.0921289
40288894,-1.3962964,-5.8474402,1.6944764
40288904,3.3398547,-4.7553115,-1.2633728
40288914,6.940767,-6.138435,-5.6642213
40288924,6.9263964,-9.186097,-4.8379393
40288934,5.415139,-8.719069,-4.0368056
40288944,4.6475353,-9.80521,-3.427273
40288954,4.932543,-10.758428,-2.5650659
40288964,5.724097,-8.745414,-0.77838135
40288974,6.009104,-10.281818,-2.15432
40288984,5.0798364,-13.365406,-0.10059082
40288994,5.295388,-12.690011,-3.2919543
40289004,5.659431,-8.085586,-6.4557753
40289014,5.798342,-4.956493,-8.145461
40289025,4.687053,-4.336183,-8.616083
40289035,4.160149,-3.3925452,-8.701106
40289045,3.4620008,-3.1398706,-9.198072
40289055,3.9709425,-3.9290295,-9.43518
40289065,4.2511597,-5.0115786,-5.3600535
40289075,2.264491,-5.5660253,-5.4271145
40289085,1.1891272,-5.83786,-8.404123
40289095,1.6968713,-4.460724,-8.63165
40289105,1.9854712,-3.8188586,-5.877378
40289115,2.638114,-6.8868785,-5.6462584
40289125,3.1925611,-9.643546,-5.127737
40289135,4.5397596,-9.072334,-3.002157
40289148,3.446433,-8.332273,-2.8081603
40289158,1.9112256,-8.796906,-4.1314087
40289168,2.083667,-10.617122,-3.849994
40289178,3.3506324,-9.875863,-2.2752686
40289188,2.569856,-10.553654,-1.4310242
40289198,1.1843371,-10.898537,-1.2645704
40289208,0.15687378,-11.497292,-2.278861
40289218,1.2406201,-10.892549,-2.2632935
40289229,2.4177723,-11.693683,-5.407954
40289239,2.0944445,-11.8002615,-5.435497
40289249,1.5507752,-11.151211,-3.0572424
40289259,-0.05508545,-11.749966,-2.6069787
40289269,-0.3161426,-11.425441,1.9339783
40289279,2.5902135,-13.027709,4.242777
40289289,3.2871642,-15.692168,1.966311
40289299,4.581672,-15.916102,-3.0428724
40289309,3.6679723,-12.442126,-2.8249254
40289319,6.3599744,-10.977572,-3.5853443
40289329,7.021,-10.139316,-2.374662
40289339,5.6510487,-10.552456,-0.737666
40289349,5.18881,-8.038883,2.6884093
40289359,2.8057654,-5.8881555,0.68497556
40289369,2.5471032,-5.2319202,-1.1328442
40289379,3.4991236,-5.4893847,-3.6655774
40289389,1.8633252,-7.162306,-3.0859826
40289399,1.5938855,-5.924081,-5.830675
40289409,1.1472144,-2.887196,-7.3934255
40289419,2.027384,-3.805686,-7.66526
40289430,3.251239,-6.7826953,-4.764891
40289440,3.4236803,-10.564431,-2.7267296
40289450,5.8654027,-8.808882,-0.21195923
40289460,2.088457,-7.2569094,-2.13037
40289470,2.9961693,-6.148015,-3.578159
40289480,3.202141,-6.650969,-3.5530114
40289490,5.386399,-7.8556643,-4.5373645
40289500,7.470066,-11.269764,-3.2129188
40289510,7.545509,-12.425362,-4.430786
40289520,6.43422,-13.8492,-6.7204247
40289530,6.2569885,-15.773599,-5.1049843
40289540,7.6940002,-13.0241165,-0.33769774
40289550,6.1540027,-8.505912,-0.5340893
40289560,2.518363,-6.4174547,0.064665526
40289570,2.4608827,-2.5578809,1.712439
40289580,1.8848804,-2.4369323,0.791554
40289590,2.6668541,-3.0129347,3.6440222
40289600,3.478766,-3.800896,4.2799
40289610,3.9565723,-5.3504734,4.315825
40289620,3.68354,-7.629335,3.805686
40289630,2.5207582,-10.073452,3.2129188
40289641,1.5819104,-8.921448,5.300178
40289651,1.0550061,-6.6485744,4.9924183
40289661,1.3807287,-6.2162733,4.4571314
40289671,1.8357825,-9.580078,4.8032117
40289681,1.5531702,-11.490107,6.1396327
40289691,2.1148024,-12.339141,5.943241
40289701,3.138673,-7.7251353,4.0667434
40289711,2.0776794,-3.359015,6.084547
40289721,2.7818153,-4.5134144,6.6701293
40289731,0.69575316,-9.498648,9.27591
40289741,1.4549744,-15.156881,9.16095
40289751,2.5423133,-13.578564,6.75635
40289761,4.0511756,-4.093088,5.5851855
40289771,4.792434,1.3735437,5.706134
40289781,3.4057178,-2.430945,7.4173756
40289791,2.7339149,-7.169491,10.857821
40289801,1.7435743,-6.910829,11.029065
40289811,2.7267296,-1.4453943,10.41594
40289821,2.696792,0.5269043,8.352631
40289831,3.873944,-0.42511597,7.34792
40289842,2.7159522,-2.8859985,6.319259
40289852,0.23950195,-2.5962012,6.7826953
40289862,2.569856,-0.013172608,9.986034
40289872,2.757865,-3.121908,10.160871
40289882,1.6010705,-2.9889843,8.711884
40289892,2.4393275,-0.20118164,11.6876955
40289902,0.9891431,-5.290598,12.660073
40289912,2.618954,-3.117118,11.4206505
40289922,1.8561401,-2.687212,9.906999
40289932,1.4908997,-2.567461,9.959689
40289942,1.9854712,-1.2478051,9.359736
40289952,1.3184582,-3.2296839,8.525072
40289962,3.102748,-4.60682,8.140672
40289972,1.9627185,-6.4102697,6.8820887
40289982,0.61552,-8.854387,3.502716
40289992,0.7879614,-8.812474,1.1220666
40290002,-0.48858398,-9.772877,0.7089258
40290012,0.5903723,-9.885443,2.1363573
40290022,2.503993,-9.965676,3.5254688
40290032,3.8990917,-11.34401,4.836742
40290043,2.74589,-12.444522,5.743257
40290053,2.1040246,-12.359498,5.442682
40290063,1.6381934,-11.876902,4.5864625
40290073,2.020199,-11.408675,2.8153455
40290083,2.8201356,-12.287647,2.0645068
40290093,3.4152977,-13.220508,2.2489233
40290103,3.1446607,-13.54144,2.530338
40290113,3.4260755,-13.1929655,1.2765454
40290123,2.3519092,-12.7007885,2.6093738
40290133,1.9040406,-12.020603,3.1745985
40290143,0.8825647,-11.855347,5.0918117
40290153,1.4501843,-10.256671,2.535128
40290163,0.0035925293,-9.313033,5.393584
40290173,0.47062135,-10.0698595,9.673484
40290183,1.0130932,-12.212205,7.0724926
40290193,2.5734484,-8.60291,-0.76640624
40290203,2.5483007,-3.8452039,-5.154082
40290213,3.0668225,-0.53169435,-5.1313295
40290223,2.4896228,0.24429199,-4.963678
40290233,1.6980689,-1.9351758,-4.4834766
40290243,1.7088464,-3.937412,-4.8080015
40290254,3.009342,-6.421047,-5.419929
40290264,3.0524523,-8.153844,-3.9218445
40290274,4.181704,-8.0999565,-3.6631823
40290284,4.463119,-8.7897215,-6.213878
40290294,4.1685314,-11.32485,-4.435576
40290304,4.2954674,-15.01797,0.032332763
40290314,5.3528686,-17.318386,2.5938063
40290324,5.1289344,-21.103714,4.9540977
40290334,4.2439747,-20.527712,3.6991076
40290344,3.8236487,-12.931908,-1.6645386
40290354,4.2499623,-6.108497,-5.6175184
40290364,4.5684996,-3.1518457,-7.811356
40290374,4.4595265,-3.1722033,-8.596923
40290384,3.7098854,-5.190007,-7.7203455
40290394,3.1278956,-7.0808754,-7.085665
40290404,3.0033545,-8.235274,-5.4247193
40290414,1.7651294,-7.6053843,-2.957849
40290424,0.6322852,-5.835465,-3.4057178
40290434,1.155597,-5.78038,-5.4558544
40290444,2.6249413,-7.9826,-4.6619053
40290455,2.2980213,-12.172687,-1.9220031
40290465,1.8669177,-12.389436,-3.1087353
40290475,1.3939013,-8.740623,-4.848717
40290485,0.29219237,-7.2102065,-4.89542
40290495,-0.4658313,-7.359895,-3.5087037
40290505,-0.76640624,-7.9287124,-3.4943335
40290515,-1.0442286,-6.828201,-2.5051904
40290525,-1.1172767,-7.253317,-1.1160791
40290535,-1.4274316,-9.230405,-3.5506165
40290545,0.6514453,-9.123827,-2.7818153
40290555,0.9592053,-10.038724,-1.4406042
40290565,0.6502478,-10.620714,-1.162782
40290575,0.7268884,-9.83874,-2.5471032
40290585,1.2981006,-8.837622,-2.870431
40290595,0.65264285,-6.9659142,-2.0429516
40290605,0.70174074,-7.531139,-2.6225464
40290615,-0.22273682,-6.7898803,-2.7890003
40290625,1.0466236,-6.5060706,-2.1315675
40290635,1.7208215,-8.783734,-0.42391846
40290645,1.1064991,-12.143947,3.5841467
40290655,0.98674804,-15.670612,6.773115
40290666,-0.3221301,-19.124231,6.6725245
40290676,-0.2814148,-18.376986,4.5397596
40290686,-0.35925293,-15.579602,1.8262024
40290696,0.9077124,-13.112732,0.16286133
40290706,1.895658,-10.700947,-1.3615686
40290716,3.742218,-11.943962,-4.912185
40290726,4.6978307,-11.957135,-5.060676
40290736,6.6497717,-11.682905,-5.9564137
40290746,8.592133,-11.304492,-2.6680517
40290756,6.805448,-8.577763,1.1663746
40290766,3.838019,-3.7003052,-0.7532337
40290776,0.49696654,-2.1782703,-3.3422499
40290786,1.1819421,-2.8596532,-2.7937903
40290796,0.25985962,-4.2655296,-0.864602
40290806,0.58198977,-5.6821837,-0.81310916
40290816,1.6693286,-7.1599107,-0.13771363
40290826,3.4141004,-8.552615,-0.5185217
40290836,4.9840355,-9.037606,-1.1508069
40290846,5.6390734,-8.88193,-1.8764977
40290856,3.37099,-7.8377013,-2.1207898
40290866,3.102748,-7.397018,-2.9841943
40290877,2.586621,-9.436377,-2.4201672
40290887,3.629652,-10.054292,0.55923706
40290897,4.8283596,-9.768087,1.284928
40290907,5.157675,-8.87235,-0.55803955
40290917,4.123026,-8.873548,-2.4285498
40290927,3.2823744,-8.572972,0.30057496
40290937,4.990023,-9.366921,-0.9244775
40290947,5.2007847,-10.717712,-2.4584875
40290957,6.793473,-9.952503,-3.1769934
40290967,5.973179,-11.302097,-6.773115
40290977,4.2727146,-11.070978,-0.71850586
40290987,5.344486,-7.3515124,5.4091516
40291010,2.2932312,-6.1444225,3.7290454
40291021,0.5771997,-4.946913,2.8464806
40291031,0.77718383,-6.40548,0.3939807
40291041,0.8681946,-9.031619,0.8849597
40291051,2.7542725,-8.794512,3.9158568
40291061,4.4032435,-8.035291,2.7446923
40291071,3.1063404,-10.638677,0.19998413
40291081,1.7890795,-14.808406,1.6166382
40291091,0.9520203,-12.84449,3.9493873
40291101,-0.7927515,-8.534652,1.6561561
40291111,-2.015409,-9.806408,1.6477734
40291121,-1.6525635,-12.196637,3.556604
40291131,-0.64186525,-11.615845,3.6524048
40291141,0.58079225,-9.595646,2.2010229
40291151,1.7675244,-10.262659,2.6009912
40291161,2.757865,-10.591974,2.4465125
40291171,2.0621119,-11.702065,3.2452514
40291181,1.7507592,-8.340655,0.45625123
40291191,0.8837622,-6.2881236,4.59245
40291201,0.5783972,-8.928633,9.062754
40291211,0.65743285,-9.47829,10.339299
40291221,3.9266346,-7.479646,6.7575474
40291232,1.8058448,-9.060359,4.133804
40291242,2.8392956,-6.6162415,2.2129982
40291252,3.725453,-1.7543519,1.4429992
40291262,2.7566674,-0.95441526,2.0417542
40291272,2.9111462,-2.6345215,4.1397915
40291282,2.884801,-4.4271936,6.1911254
40291292,4.996011,-5.500162,7.162306
40291302,5.215155,-9.018446,6.3276415
40291312,4.0571632,-10.243499,7.0641103
40291322,5.154082,-8.23767,7.4497085
40291332,8.765772,-7.013815,4.2787023
40291342,9.618399,-8.937016,2.687212
40291352,9.20406,-11.606265,1.0214758
40291362,7.907157,-11.8074465,1.169967
40291372,6.940767,-9.681867,1.8142273
40291382,5.052294,-4.726571,3.7038977
40291392,4.3134303,-0.8298743,5.1313295
40291402,3.0344896,-0.5233118,5.1109715
40291412,2.1555176,-1.9758911,5.2558703
40291422,2.071692,-2.7662475,4.623585
40291432,1.23104,-2.5447083,8.0580435
40291443,2.2489233,0.69096315,5.8953404
40291453,0.4682263,-1.6106507,5.039121
40291463,-2.210603,-8.443642,13.422887
40291473,-2.0872595,-7.247329,15.314953
40291483,0.13891113,2.3626869,12.988191
40291493,-0.87298465,5.021158,13.219311
40291503,-2.6692493,0.9196875,15.207176
40291513,-3.439248,-1.1053015,18.414108
40291523,-1.033451,2.1171973,15.344891
40291533,0.30776,6.2246556,11.255394
40291543,0.14130615,4.648733,9.847123
40291553,0.49816406,0.2323169,8.666378
40291563,1.3400134,-3.4811609,7.3850427
40291573,-0.45505372,-6.12167,5.5516553
40291583,0.864602,-6.444998,3.4380505
40291593,-0.36045045,-9.594448,2.809358
40291603,1.3196558,-8.672366,2.46687
40291613,3.1961536,-8.570578,0.81550413
40291623,3.8607714,-12.457694,0.37721556
40291633,2.962639,-19.499052,-0.10298584
40291643,3.4596057,-22.33236,2.9171338
40291653,5.182822,-21.212688,6.3959
40291664,3.2668066,-19.790047,8.21851
40291674,1.3998889,-17.338743,8.497529
40291684,-1.2909155,-14.609619,9.499845
40291694,-0.5652246,-7.3048096,6.021079
40291704,-2.0022364,-3.0572424,5.550458
40291714,-1.6058606,-7.108418,5.764812
40291724,-1.9555335,-9.084309,9.868678
40291734,-1.3268409,-6.1228676,9.284293
40291744,-1.895658,7.505991,10.267448
40291754,-0.94962525,12.790602,11.109298
40291764,-3.505111,10.923684,15.343693
40291774,-2.1088147,11.648177,15.756833
40291784,-0.4897815,15.7185135,14.398857
40291794,0.63108766,15.728093,11.355985
40291804,-0.16046631,8.454419,10.012379
40291814,-0.19040406,-0.1844165,9.540561
40291824,-1.3603711,-5.532495,8.966953
40291834,0.34608033,-2.450105,3.2859669
40291844,-1.4166541,-4.57329,0.40236327
40291854,-2.6788294,-9.969269,3.7506006
40291865,0.77957886,-13.327086,3.0596375
40291875,-1.0502161,-19.88944,5.285808
40291885,0.87178713,-22.728735,4.042793
40291895,3.9086719,-24.406446,2.7614574
40291905,2.1207898,-24.7657,4.8259645
40291915,-0.40236327,-25.715324,8.859178
40291925,-1.7794995,-19.575691,8.080796
40291935,-3.2057335,-13.898298,6.4629602
40291945,-4.030818,-12.800182,6.0570045
40291955,-3.0428724,-7.33834,8.02571
40291965,-2.626139,-1.2346326,6.13125
40291975,-0.7975415,-2.3758593,8.854387
40291985,-4.773274,-9.22801,11.650573
40291995,-0.796344,-5.229525,10.875784
40292005,0.35087037,12.524755,8.974138
40292015,-2.5123756,16.781902,6.6892896
40292025,-3.202141,17.723145,11.555969
40292035,-4.142186,10.832673,14.851516
40292045,-1.113684,9.272318,14.809604
40292055,-0.6969507,8.158634,11.379935
40292065,-2.0513341,4.805607,8.594527
40292076,-2.7303224,1.9794836,4.3709106
40292086,-1.2142749,0.7819739,0.53528684
40292096,-1.5867004,-1.83698,-0.51013917
40292106,-3.9314246,-8.922646,3.7769458
40292116,-3.7589831,-15.753241,6.3468018
40292126,-1.5639478,-20.388802,5.6558385
40292136,1.8046472,-21.278551,3.8511915
40292146,2.337539,-22.102438,4.3062453
40292156,-0.803529,-20.792362,5.17444
40292166,-3.3434472,-25.333319,7.1144056
40292176,-2.6620643,-26.157206,7.123986
40292186,-2.071692,-19.537373,5.773195
40292196,-3.2859669,-12.53673,6.7599425
40292206,-3.878734,-8.774154,7.228169
40292216,-3.37578,-7.4688683,6.587501
40292226,-1.6525635,-3.9853125,5.034331
40292236,-1.6980689,-4.62119,6.349197
40292246,-2.2728736,-3.8296363,7.7933936
40292256,-2.6560767,-1.6274158,7.6029897
40292266,-0.796344,6.3503942,8.5574045
40292276,-0.6730005,12.461287,6.76593
40292287,-1.9818786,13.5606,8.741821
40292297,-3.744613,11.345207,12.26729
40292307,-2.2704785,10.169253,13.50312
40292317,-1.9196081,8.056846,12.740307
40292327,-2.6249413,4.493057,10.453063
40292337,-4.2655296,0.87777466,6.7204247
40292347,-3.014132,-1.9651135,5.542075
40292357,-3.5158887,-6.2474084,5.692961
40292367,-2.1758752,-11.0901375,2.4357347
40292377,-1.6010705,-14.021642,2.323169
40292387,0.305365,-16.48013,1.0298584
40292397,1.0693762,-19.93734,2.6165588
40292407,1.5627502,-25.35727,6.1049047
40292417,-0.44547364,-28.97375,6.8976564
40292427,-1.1196716,-26.329647,6.551576
40292437,-1.104104,-20.676203,4.8726673
40292447,-1.8836828,-14.892231,5.533693
40292457,-2.75547,-11.749966,7.9861927
40292467,-0.6981482,-6.4545774,5.3061657
40292477,-2.5578809,-2.6979895,6.9036436
40292488,-0.613125,-1.6657361,6.7527575
40292498,-2.3878345,-3.615282,7.947872
40292508,-0.71850586,0.41433838,6.5767236
40292518,0.45026368,7.5838294,4.806804
40292528,-0.5041516,12.137959,5.555248
40292538,-2.7937903,12.631333,8.55022
40292548,-3.0668225,13.272,11.809841
40292558,-2.2920337,12.224179,12.246932
40292568,-2.5973988,7.3359447,12.124786
40292578,-2.8285182,2.1806653,8.890312
40292588,-3.1602283,-1.3280383,5.508545
40292598,-3.493136,-5.4893847,5.4462743
40292608,-3.9709425,-11.187137,5.9049206
40292618,-2.1615052,-15.262262,3.359015
40292628,-0.85502195,-17.288448,2.7614574
40292638,-0.104183346,-17.251326,1.0274634
40292648,-0.9352551,-20.332518,0.74604857
40292658,-2.1291723,-23.642435,4.199667
40292668,-2.1507275,-27.005043,5.691764
40292679,-4.221222,-26.04943,5.6558385
40292689,-4.62119,-19.810404,5.2343154
40292699,-4.1589513,-13.280383,4.531377
40292709,-3.5841467,-7.1898484,5.6821837
40292719,-2.1854553,-3.5805542,7.923922
40292729,-2.1052222,-4.421206,8.840017
40292739,-3.786526,-5.9037232,8.463999
40292749,-1.0957215,0.92807007,7.0868626
40292759,-1.3388159,8.048463,4.4894643
40292769,-1.4920971,10.70933,8.375383
40292779,-3.3673975,6.937174,12.384646
40292789,-2.13516,8.293953,12.7007885
40292799,-1.2969031,10.784773,11.303295
40292809,-2.4896228,8.5083065,11.225456
40292819,-3.6547997,3.4775684,11.092533
40292829,-2.75547,-1.0550061,9.883048
40292839,-4.3445654,-5.7360716,8.254435
40292849,-4.536167,-5.6259007,8.086783
40292859,-5.019961,-5.918093,5.039121
40292869,-3.7362304,-4.3349853,2.884801
40292880,-4.91937,-8.109536,3.3985326
40292890,-3.1889684,-8.720266,1.1472144
40292900,-3.9410048,-9.584868,1.465752
40292910,-3.6392322,-10.441088,-0.026345216
40292920,-4.4715014,-12.596605,3.6488123
40292930,-4.675078,-14.400055,3.251239
40292940,-3.984115,-17.17229,4.2583447
40292950,-4.646338,-18.851198,4.6175976
40292960,-3.8703516,-15.947238,3.8835242
40292970,-4.149371,-13.154645,3.6703675
40292980,-3.7230577,-11.920012,3.2380664
40292990,-2.9027636,-11.475736,3.2236962
40293000,-2.0968397,-10.671009,3.0344896
40293010,-1.4166541,-10.035131,2.696792
40293020,-1.3340259,-9.122629,2.2333558
40293030,-1.0502161,-7.430548,1.6992663
40293040,-0.93884766,-5.924081,0.44786865
40293050,-0.43709105,-5.3432884,-1.2513977
40293060,-0.46223876,-5.9959316,-1.0885364
40293070,-0.47421387,-6.7108445,-1.648971
40293081,-0.35087037,-7.2976246,-1.7926722
40293091,-0.20357665,-7.7790236,-3.1925611
40293101,0.5652246,-7.6784325,-5.9935365
40293111,1.3927039,-7.301217,-8.563393
40293121,2.193838,-6.8066454,-10.413545
40293131,3.6512072,-7.914342,-13.034894
40293141,3.1626234,-9.283095,-12.29603
40293151,2.4513025,-10.435101,-10.3512745
40293161,2.5566833,-10.17045,-9.357342
40293171,0.26225463,-7.907157,-9.989627
40293181,0.79993653,-3.422483,-7.9814024
40293191,1.4022839,-3.937412,-11.00751
40293201,0.6538403,-7.841294,-6.347999
40293211,1.3783337,-11.067386,-3.6200721
40293221,0.5221143,-9.540561,-3.0033545
40293231,1.6082556,-6.8305955,-3.7278478
40293241,-0.59516233,-8.381371,-3.2967443
40293251,-0.29219237,-7.296427,-1.5531702
40293261,-0.9448352,-6.673722,-2.2369483
40293272,-0.8095166,-5.769602,-5.271438
40293282,0.38559815,-6.4162574,-7.174281
40293292,1.0190808,-8.246052,-8.210127
40293302,0.37122804,-11.06499,-5.7360716
40293312,0.17483643,-13.588143,-4.237987
40293322,0.3305127,-15.688576,-4.4032435
40293332,1.0562036,-14.556929,-5.132527
40293342,1.3915063,-10.565629,-7.0233946
40293352,1.3268409,-4.975653,-9.433982
40293362,1.5819104,0.08861572,-11.572735
40293372,1.411864,0.2562671,-14.081517
40293382,1.3232483,-1.778302,-10.926079
40293392,-0.3305127,-3.3913476,-5.7360716
40293402,-2.8812084,-5.0666637,-4.966073
40293412,-2.842888,-6.636599,-8.63165
40293422,-1.6262183,-7.2090087,-7.4269557
40293432,-0.3568579,-6.9695067,-7.2928343
40293442,-0.19878662,-7.5838294,-6.75635
40293452,-0.42511597,-7.9622426,-4.878655
40293462,-0.3796106,-7.1144056,-4.3948607
40293472,-0.04790039,-7.3994126,-3.9685473
40293483,-0.24548951,-8.661588,-2.6249413
40293493,0.22872436,-8.447234,-5.318141
40293503,-0.05029541,-7.933502,-5.388794
40293513,-1.6932788,-11.4062805,-2.718347
40293523,-1.9220031,-13.086387,-4.4128237
40293533,-1.9974463,-9.311836,-4.350553
40293543,-2.5004003,-7.0150123,-3.4631982
40293553,-1.3807287,-8.181387,-8.202942
40293563,-0.38679564,-10.047107,-7.3095994
40293573,0.78915894,-10.545271,-6.194718
40293583,1.0574012,-9.650731,-4.3493557
40293593,0.48618898,-8.792117,-3.7949085
40293603,0.6442602,-9.121432,-1.9220031
40293613,0.4179309,-9.995614,-0.9627979
40293623,0.8370593,-11.699671,-0.68018556
40293633,0.37601808,-13.169015,-2.821333
40293643,0.14010864,-14.384487,-6.7431774
40293653,0.83346677,-12.5391245,-7.03537
40293663,3.8260436,-9.599238,-6.6425867
40293674,5.1504893,-7.8377013,-5.9121056
40293684,3.754193,-8.88672,-3.6404297
40293694,2.337539,-10.11776,-3.2871642
40293704,0.34727782,-9.926159,-4.6726832
40293714,-0.74604857,-7.5538917,-4.0332127
40293724,1.0370435,-6.46775,-3.864364
40293734,0.2574646,-8.055648,-5.290598
40293744,-0.676593,-8.477172,-5.356461
40293754,-1.0118958,-8.224497,-5.698949
40293764,0.8107141,-5.667814,-4.7864466
40293774,3.8044884,-4.4415636,-4.3385777
40293784,4.3589354,-4.7469287,-3.0716126
40293794,2.6740394,-4.3218126,-3.612887
40293804,0.16046631,-2.430945,-7.813751
40293814,1.2741504,-4.3709106,-12.650494
40293824,0.91250247,-11.421848,-9.626781
40293834,4.7744713,-13.730647,-2.1902454
40293844,6.71803,-13.6647835,-1.6693286
40293854,4.8594947,-11.388318,-3.817661
40293865,3.747008,-9.386082,-6.358777
40293875,2.8249254,-7.4389305,-5.750442
40293885,3.305127,-6.212681,-6.6892896
40293895,4.0487804,-7.606582,-6.0246716
40293905,4.491859,-8.498727,-2.6405091
40293915,3.6368372,-7.3658824,-0.4287085
40293925,2.7123597,-7.147936,0.33530274
40293935,1.2597803,-7.2569094,3.263214
40293945,2.3411317,-6.0390415,4.1661363
40293955,2.2812562,-6.8629284,3.9649549
40293965,2.4465125,-7.03058,4.1829014
40293975,1.7938696,-6.357579,2.7566674
40293985,0.12693603,-5.7193065,2.7985804
40293995,-0.8370593,-6.0953245,3.2763867
40294005,-0.56881714,-8.386161,1.3998889
40294015,-0.803529,-10.885364,0.85023195
40294025,0.30057496,-11.270962,3.6476147
40294035,1.0538086,-10.614727,3.251239
40294045,-0.8370593,-8.158634,3.6164794
40294056,-2.0309765,-7.6664577,5.393584
40294066,0.15447876,-8.82924,6.541996
40294076,1.4573693,-10.782378,4.5529323
40294086,1.23104,-10.10339,4.3912683
40294096,1.7926722,-11.381133,4.4439588
40294106,2.4704626,-12.184662,5.3289185
40294116,2.2261705,-10.765613,5.555248
40294126,0.91250247,-9.054371,6.213878
40294136,0.49457154,-6.849756,8.734636
40294171,3.4703834,-6.013894,6.7312026
40294181,1.3950989,-9.948911,5.7935524
40294191,1.2777429,-8.26641,6.067782
40294201,1.1520044,-6.0390415,6.4090724
40294211,1.7723144,-4.439169,7.249724
40294221,0.90531737,-5.6223083,7.9275146
40294231,2.3531067,-5.4810023,7.32397
40294241,0.9951306,-5.605543,7.3682775
40294251,0.07065307,-5.9635987,7.3359447
40294261,0.26584718,-5.0642686,7.644902
40294271,0.5029541,-4.54934,8.969348
40294281,1.0705737,-5.503755,9.544153
40294291,1.0765613,-6.206693,10.048305
40294301,0.9915381,-6.0246716,10.226733
40294311,1.22146,-6.077362,9.918973
40294322,1.4274316,-6.189928,9.347761
40294332,1.5328125,-5.415139,8.715476
40294342,1.6238233,-4.421206,7.9598475
40294352,2.1627026,-4.949308,7.0557275
40294362,1.0921289,-5.2798204,6.2977037
40294372,0.5867798,-4.740941,5.733677
40294382,0.366438,-4.233197,5.967191
40294392,0.5281018,-3.754193,6.676117
40294402,1.1280541,-4.2319994,7.846084
40294412,1.5148499,-6.2031007,8.200547
40294422,1.961521,-7.2269716,8.513097
40294432,2.7494824,-6.7288074,7.8077636
40294442,3.0764027,-7.171886,7.308402
40294452,2.7638526,-9.425599,6.9898643
40294462,2.1171973,-10.881771,6.74198
40294472,1.9722986,-10.277029,5.846243
40294482,2.5147705,-8.459209,5.1480947
40294492,3.427273,-7.260502,3.8152661
40294502,3.5973194,-6.7036595,1.6561561
40294513,3.598517,-7.317982,0.16166382
40294523,3.5506165,-7.870034,0.21435425
40294533,2.7985804,-8.710686,-1.895658
40294543,2.3339465,-10.148895,-1.411864
40294553,2.186653,-10.7237,1.5843054
40294563,1.2106824,-10.220746,3.5889368
40294573,-0.58198977,-9.032816,3.561394
40294583,-0.6610254,-8.340655,1.275348
40294593,0.83825684,-7.6317296,-0.671803
40294603,2.430945,-6.3743443,-2.4261549
40294613,3.2213013,-5.454657,-4.3589354
40294623,2.3207738,-4.7229786,-5.4115467
40294633,2.530338,-3.766168,-7.0653076
40294643,2.3495142,-4.8379393,-1.6238233
40294653,1.6825012,-8.196955,-0.7747888
40294663,1.9315833,-9.75252,-1.9818786
40294673,2.3447242,-6.9874697,-4.7553115
40294683,3.1302905,-4.787644,-6.763535
40294693,3.4943335,-5.0918117,-7.3131924
40294704,4.7529163,-7.5395217,-6.2725563
40294714,5.18881,-10.263856,-3.6631823
40294724,5.581593,-12.448114,-2.4189696
40294734,6.1587925,-14.074332,-0.7640112
40294744,6.8389783,-13.945002,1.1831397
40294754,6.6377964,-14.07553,2.6249413
40294764,5.3313136,-13.0241165,3.2548316
40294774,4.126619,-9.899814,1.2933105
40294784,3.6164794,-7.1826634,-0.79035646
40294794,3.7506006,-7.0150123,-2.955454
40294804,3.6643798,-6.810238,-5.5923705
40294814,4.0727305,-6.9383717,-6.3108764
40294824,3.9553747,-7.6880126,-6.3503942
40294834,3.6559973,-8.915461,-7.2006264
40294844,4.269122,-9.697434,-6.9060388
40294854,3.9338195,-10.806328,-6.700067
40294870,3.3003368,-10.929671,-6.133645
40294880,3.4691858,-9.405242,-5.9683886
40294890,2.9051588,-5.979166,-6.4665527
40294900,1.3316308,-3.666775,-6.3839245
40294910,-1.0861413,-2.8524683,-7.3119946
40294920,-1.7866845,-3.556604,-9.445957
40294930,-0.8358618,-4.8427296,-9.544153
40294940,1.1053015,-6.222261,-8.935818
40294950,2.271676,-7.835306,-8.244855
40294960,2.8740234,-7.9514647,-5.572013
40294970,1.956731,-7.350315,-6.316864
40294980,0.27782226,-6.308481,-6.2989016
40294990,1.3807287,-6.541996,-5.3121533
40295000,3.4057178,-7.6005945,1.1831397
40295010,4.085903,-8.351433,0.20956421
40295020,4.2319994,-10.128537,-0.48259643
40295030,3.7062926,-9.129814,-1.3927039
40295041,4.0320153,-7.7131605,0.20118164
40295051,4.5541296,-8.430469,3.117118
40295061,4.6619053,-11.00272,5.845045
40295071,4.822372,-13.752202,7.0006423
40295081,3.859574,-14.982044,6.028264
40295091,3.0225146,-13.043277,4.0188427
40295101,2.999762,-10.79076,1.5579602
40295111,4.736151,-9.627978,-1.6154407
40295121,5.9683886,-9.632769,-3.1087353
40295131,6.0809546,-10.41594,-4.319418
40295141,5.4893847,-10.366842,-5.3384986
40295151,4.980443,-8.364606,-6.1300526
40295161,3.8811293,-5.604346,-6.124065
40295171,1.7699194,-5.7049365,-7.7670484
40295181,-0.11735596,-7.7862086,-7.3826475
40295191,-0.21555176,-7.3143897,-6.3300366
40295201,0.5736072,-4.2343946,-10.106982
40295211,1.5064673,-2.6908045,-10.06028
40295221,2.9590466,-4.667893,-8.489147
40295232,2.6728418,-8.606503,-1.848955
40295242,1.83698,-10.43031,-1.1963123
40295252,1.9962487,-8.078401,-1.6825012
40295262,2.3040087,-7.019802,-3.1925611
40295272,2.1950355,-8.634046,-3.7134778
40295282,2.1902454,-9.3309965,-4.863087
40295292,1.9746937,-7.7227407,-5.926476
40295302,1.9339783,-6.2102857,-6.4725404
40295312,1.8357825,-6.758745,-5.027146
40295322,2.9147387,-7.1778736,-2.2585034
40295332,3.624862,-9.257948,1.8058448
40295342,3.4476306,-7.004235,1.5938855
40295352,3.4608033,-3.9266346,2.650089
40295362,3.9146595,-5.4965696,2.4680676
40295372,4.3385777,-8.465197,2.2501209
40295382,4.8523097,-12.042158,3.6452198
40295392,4.9433203,-13.540243,5.8019347
40295402,4.3768983,-11.936777,4.3493557
40295413,2.8620484,-9.941726,2.2800586
40295423,2.8416908,-9.745335,0.6514453
40295433,3.5326538,-10.048305,0.5783972
40295443,4.096681,-9.141789,-0.55923706
40295453,3.0440698,-6.734795,-2.5494983
40295463,1.6238233,-3.7003052,-5.987549
40295473,1.3316308,-1.8022522,-8.806487
40295483,2.515968,-2.4884253,-8.990903
40295493,3.7673657,-6.3204565,-8.802895
40295503,4.3385777,-9.369316,-9.048384
40295513,3.9362147,-9.775272,-8.344248
40295523,3.06802,-8.977731,-8.811276
40295533,2.2393432,-8.5154915,-7.919132
40295543,1.9447559,-8.778944,-6.860533
40295553,2.274071,-8.105944,-5.349276
40295563,2.957849,-7.563472,-3.873944
40295573,2.9782069,-8.704699,-4.078718
40295583,3.3745825,-9.812395,-1.8501526
40295593,4.2487645,-14.532978,0.86699706
40295603,4.3122325,-13.952187,2.2573059
40295619,3.5254688,-8.986114,-0.6490503
40295629,2.506388,-6.836583,-2.2405407
40295639,3.610492,-9.178912,1.0514135
40295649,4.7086086,-11.103311,1.5627502
40295659,4.040398,-11.287727,1.9112256
40295669,3.150648,-10.989547,1.592688
40295679,3.2404613,-9.681867,1.0777588
40295690,3.5278637,-8.028106,1.0011182
40295700,3.5075061,-7.820936,0.62989014
40295710,2.9542565,-8.689131,-0.17363891
40295720,2.814148,-9.319021,-0.17842895
40295730,3.4799633,-9.16095,-1.3843213
40295740,4.1637416,-9.707014,-3.3458424
40295750,4.221222,-10.362052,-4.804409
40295760,3.373385,-9.891431,-5.3384986
40295770,1.033451,-8.528665,-2.8500733
40295780,0.061072998,-5.945636,-5.405559
40295790,0.42032593,-3.4991236,-7.8329115
40295800,-0.9089099,-4.1757164,-7.5658665
40295810,-0.17842895,-6.2330384,-10.048305
40295820,1.7603394,-9.495055,-8.714278
40295830,3.182981,-11.3571825,-6.7838926
40295840,2.8249254,-10.890154,-5.1672544
40295850,1.8046472,-8.52148,-3.290757
40295860,0.8214917,-7.498806,-2.0968397
40295870,0.81789917,-8.222102,-2.102827
40295881,1.0238708,-10.001601,-2.5758436
40295891,2.2932312,-8.740623,-2.814148
40295901,3.8895118,-8.368198,-2.034569
40295911,4.2008643,-6.744375,1.7232165
40295921,4.878655,-7.531139,3.0356872
40295931,4.479884,-9.383686,0.6167175
40295941,2.9291089,-10.899734,1.0142908
40295951,3.002157,-10.841056,2.0704944
40295961,4.4511437,-10.324929,3.4093103
40295971,5.0187635,-9.038804,3.3554223
40295981,4.1541615,-6.484515,2.3926246
40295991,1.6058606,-6.3815293,2.9207263
40296001,0.54366946,-8.929831,3.4452355
40296011,0.95321774,-10.897339,2.718347
40296021,1.6441809,-10.121352,1.5914905
40296031,2.7410998,-9.0004835,-0.13052857
40296041,4.0811133,-9.222023,-2.9207263
40296056,4.1074586,-12.21939,-5.5636306
40296066,2.823728,-12.04096,-4.8032117
40296076,3.194956,-10.285412,-5.5803957
40296086,3.7961059,-9.037606,-5.019961
40296096,4.639153,-6.7898803,-4.756509
40296106,3.6655774,-3.7003052,-5.1528845
40296116,0.6382727,-4.932543,-6.885681
40296126,-2.994972,-6.2426186,-7.0629125
40296137,-1.3148657,-8.698711,-9.006471
40296147,2.5147705,-10.987152,-6.124065
40296157,5.0008006,-11.611054,-3.4057178
40296167,4.494254,-10.821896,-1.7040564
40296177,1.9914588,-9.408834,-0.44427612
40296187,1.5040723,-9.572893,0.07903565
40296197,2.0752845,-9.832752,-0.11735596
40296207,2.9985645,-6.8042507,-3.458408
40296217,2.577041,-4.463119,-6.854546
40296227,2.323169,-6.861731,-7.34792
40296237,3.7086878,-7.491621,-3.6631823
40296247,3.2739916,-5.107379,0.7807764
40296257,2.5650659,-7.67005,7.374265
40296267,0.29099488,-13.16662,9.419612
40296277,0.37841308,-11.008707,6.5910935
40296287,2.2285657,-6.7922754,4.0499783
40296297,3.5362463,-6.5910935,3.417693
40296307,4.108656,-8.702304,4.86189
40296317,3.7685633,-10.830278,6.549181
40296327,3.187771,-11.381133,7.420968
40296338,2.193838,-9.877061,6.617439
40296348,2.858456,-7.838899,6.575526
40296358,3.3578174,-8.297545,6.292914
40296368,2.1555176,-8.883127,5.4726195
40296378,2.1076171,-5.1696496,5.1373167
40296388,3.3578174,-3.5230737,6.4090724
40296398,3.7973034,-6.1791506,7.550299
40296408,3.5122962,-9.827963,7.1611085
40296418,2.0261865,-10.065069,6.2713585
40296428,1.717229,-8.431666,3.993695
40296438,0.88735473,-7.2293663,4.5637097
40296448,1.9255958,-7.0389624,4.2787023
40296458,0.73048097,-10.049502,5.619913
40296468,0.08861572,-11.93079,6.587501
40296478,0.38919067,-12.758269,7.940687
40296488,2.2070105,-8.649613,6.0893373
40296498,2.5518932,-6.0055113,5.310956
40296508,2.6488917,-5.779182,5.2259326
40296521,2.0357666,-5.9983263,5.4331017
40296531,1.6322058,-5.2355127,5.4043617
40296541,1.4609619,-4.4439588,5.483397
40296551,1.8094373,-4.2080493,5.619913
40296561,1.6477734,-4.57329,6.1516075
40296571,0.5676196,-5.0415163,5.170847
40296581,1.1472144,-6.1037073,5.6881714
40296591,2.5806336,-6.0426345,4.851112
40296601,2.3878345,-6.5551686,3.0213172
40296611,1.7794995,-8.184979,2.0848646
40296621,2.5207582,-8.110734,1.7495618
40296631,0.6490503,-7.919132,0.59516233
40296641,2.1136048,-9.401649,-0.0059875487
40296651,2.931504,-9.2747135,-1.3172607
40296661,3.610492,-9.382489,-2.2764661
40296671,3.6524048,-10.648257,-3.5482213
40296681,3.5937269,-11.207494,-3.4236803
40296692,3.7721558,-11.591894,-3.4991236
40296702,3.4548156,-11.933185,-3.446433
40296712,3.2500415,-12.078083,-2.7830126
40296722,3.06802,-11.698473,-3.145858
40296732,1.6836988,-12.2505245,3.2081287
40296742,2.15432,-10.938054,4.069138
40296752,1.5819104,-7.926317,0.71850586
40296762,1.3735437,-2.4644752,-2.7195446
40296772,1.8178198,-0.031135254,-4.902605
40296782,1.5711328,-2.9219239,-3.866759
40296792,0.8562195,-4.3062453,-6.0426345
40296802,0.53049684,-6.929989,-8.066425
40296812,2.1076171,-11.590697,-9.481882
40296822,4.267925,-16.635805,-7.01142
40296832,5.870193,-19.727776,-3.885919
40296842,7.3143897,-18.863174,-2.0369642
40296852,6.091732,-14.959292,4.5768824
40296862,4.763694,-10.608739,3.4141004
40296872,3.598517,-10.087822,-0.020357667
40296882,4.149371,-12.348721,1.8980529
40296893,4.8331494,-14.334192,1.4537768
40296903,4.702621,-11.934382,-1.419049
40296913,4.893025,-8.27599,-4.4475513
40296923,4.475094,-6.236631,-5.3289185
40296933,3.0440698,-6.0258694,-6.7970653
40296943,2.7470875,-7.0880604,-7.235354
40296953,3.1123278,-8.814869,-7.9358974
40296963,4.623585,-8.195757,-9.102272
40296973,5.863008,-4.91937,-7.7371106
40296983,2.7195446,0.16286133,-3.732638
40296993,-1.0657837,-1.8812878,-6.1552
40297003,-2.0094213,-3.7805383,-5.9396486
40297013,0.432301,-5.485792,-3.9853125
40297023,4.470304,-9.513018,-4.2260118
40297033,5.5851855,-11.408675,-4.4080334
40297043,4.8175817,-11.225456,-3.0740075
40297053,2.8572583,-8.211325,-3.4512231
40297069,1.8477576,-6.094127,-4.2858872
40297079,1.3172607,-7.460486,-3.67396
40297089,0.97716796,-9.473499,-3.8164637
40297099,1.0190808,-11.04583,-2.7997777
40297109,0.74485105,-12.011023,-0.21076173
40297119,-0.23590942,-14.045592,-0.69575316
40297129,-1.3400134,-12.22897,-0.4406836
40297139,-1.3519886,-11.705658,-2.718347
40297149,-1.4058765,-14.1378,-5.51094
40297159,-0.14370117,-13.685142,-6.955137
40297170,1.2226574,-10.259067,-6.302494
40297180,1.6860938,-7.573052,-4.0116577
40297190,2.7913952,-8.832832,-0.47181883
40297200,3.2931519,-12.401411,-0.010777588
40297210,4.1565566,-17.25851,0.5041516
40297220,3.1434631,-17.897982,-0.8262817
40297230,4.4247985,-15.156881,-3.5961218
40297240,5.948031,-12.011023,-2.8931837
40297250,6.6018715,-8.783734,-1.8357825
40297260,4.022435,-4.0020776,-2.1818628
40297270,3.1698084,0.70653075,-6.412665
40297280,0.30057496,-0.95321774,-5.9049206
40297290,-0.1484912,-6.284531,-3.4799633
40297300,0.5376819,-8.793314,0.30177248
40297310,0.6167175,-8.503517,-0.6502478
40297320,3.4164953,-6.7216225,-0.432301
40297330,5.8270826,-6.170768,-0.9699829
40297340,6.974297,-7.401808,-0.5388794
40297350,5.764812,-6.5180454,-0.96040285
40297361,4.88584,-3.429668,-3.8727465
40297371,5.252278,-5.0870214,-8.940608
40297381,3.0776,-11.066188,-5.9779687
40297391,5.5169277,-12.088861,-1.0538086
40297401,6.779103,-10.509346,-1.905238
40297411,6.1587925,-10.100995,-3.791316
40297421,5.6797886,-10.893746,-4.7672863
40297431,5.9001307,-10.303374,-3.004552
40297441,6.509663,-11.394305,-3.2033386
40297451,7.0437527,-14.11385,-0.34727782
40297461,5.4726195,-12.048145,3.5110986
40297471,3.8164637,-6.6940794,2.4752526
40297481,2.0944445,-1.4645544,-0.59516233
40297491,1.9291883,-1.0873389,-4.7181883
40297501,2.1507275,-5.195995,-4.093088
40297511,3.7949085,-6.267766,-1.9459534
40297521,4.758904,-6.262976,-1.2382251
40297531,4.663103,-7.3000197,0.38919067
40297544,1.9555335,-8.022118,2.2189856
40297554,0.1592688,-7.026987,4.940925
40297564,1.1280541,-6.514453,4.263135
40297574,1.9148182,-7.129973,1.409469
40297584,2.692002,-11.660152,-0.45984375
40297594,0.8789722,-13.2001505,4.1661363
40297604,0.24429199,-8.126301,3.9410048
40297614,-0.46343628,-4.29427,1.6860938
40297624,1.7794995,-4.4415636,1.5232325
40297634,3.7038977,-7.3287597,3.5134935
40297644,3.3961377,-10.370435,5.339696
40297654,1.8609302,-11.712843,5.2846107
40297664,0.8358618,-7.380253,9.707014
40297674,3.185376,-3.913462,9.008866
40297684,1.7507592,-6.74198,8.273595
40297694,1.5447876,-11.33922,8.856782
40297705,2.2944288,-13.075609,9.303453
40297715,2.389032,-10.114167,9.787248
40297725,2.1555176,-5.1672544,8.458012
40297735,4.855902,-1.3723462,6.0342517
40297745,3.3434472,-5.3756213,3.859574
40297755,2.405797,-6.0486217,5.619913
40297765,3.5973194,-4.9289503,6.3695545
40297775,1.7627344,-4.89542,6.3348265
40297785,2.7890003,-3.671565,7.2796617
40297795,0.8705896,-4.3421702,7.501201
40297805,3.4811609,-2.0513341,8.832832
40297815,2.8716285,-2.0657043,8.408914
40297825,2.4932153,0.20118164,9.551338
40297835,3.5434313,-1.4178516,11.144026
40297845,2.191443,-4.778064,13.216915
40297855,2.4836352,-3.5110986,12.043356
40297865,2.323169,-4.3146276,10.815908
40297875,2.5219555,-6.5036755,10.233918
40297885,2.4848328,-7.042555,8.976533
40297896,2.4908204,-6.6006737,8.58854
40297906,2.6369164,-6.7970653,7.721543
40297916,3.4703834,-6.8042507,6.916816
40297926,3.5314562,-5.5708156,6.4402075
40297936,3.4200878,-3.873944,6.2426186
40297946,3.6547997,-2.574646,6.3935046
40297956,2.877616,-2.4417224,6.575526
40297966,2.2585034,-3.051255,7.205416
40297976,1.783092,-3.805686,7.868837
40297986,1.7387842,-4.5349693,8.220904
40297996,1.8214123,-5.318141,8.447234
40298006,2.1782703,-6.431825,9.037606
40298016,2.2261705,-7.8496766,9.750125
40298026,1.9279907,-8.819659,10.636282
40298036,2.311194,-8.461604,10.538086
40298046,2.1112096,-7.7371106,10.535691
40298056,2.4728577,-7.197034,9.729767
40298066,2.2764661,-6.9060388,8.036488
40298076,2.1674926,-5.6738014,6.7264123
40298087,2.2513185,-4.0392003,6.11688
40298097,2.4297473,-2.4405248,5.926476
40298107,3.2093263,-1.9627185,6.067782
40298117,3.554209,-3.9805224,5.1995873
40298127,3.246449,-4.9301476,4.749324
40298137,3.7003052,-5.0894165,4.590055
40298147,3.7314405,-5.6270986,3.2943494
40298157,3.9290295,-6.0953245,0.63468015
40298173,3.3817675,-6.5180454,-1.7423767
40298183,3.4967284,-6.916816,-3.2296839
40298193,4.085903,-7.2018237,-3.1278956
40298203,3.866759,-6.5108604,-2.5782385
40298213,3.3602123,-6.6377964,-3.5506165
40298223,3.5805542,-7.0724926,-3.873944
40298233,2.311194,-7.6556797,-4.9612827
40298243,1.4166541,-7.1922436,-6.0617943
40298253,1.223855,-6.091732,-6.654562
40298263,2.4237597,-6.1396327,-4.3122325
40298273,3.8811293,-11.502081,3.6524048
40298283,0.7735913,-20.125349,4.805607
40298294,-1.4334192,-21.767136,0.51013917
40298304,2.6812243,-12.7498865,-5.2510805
40298314,4.406836,-4.2499623,-10.79555
40298324,5.8785753,-0.9460327,-10.899734
40298334,4.766089,-6.1073,-8.505912
40298344,3.3997302,-12.166699,-6.428232
40298354,4.463119,-14.348562,-5.100194
40298364,5.7348742,-13.141472,-4.2499623
40298374,6.201903,-10.581196,-3.6751575
40298384,4.743336,-7.9299097,-2.198628
40298394,3.566184,-6.0198817,-1.3340259
40298404,3.4524207,-7.1539235,-1.0262659
40298414,4.157754,-9.703422,-0.9675879
40298424,4.9433203,-11.454181,-2.13995
40298434,5.4510646,-10.768008,-3.3350646
40298444,5.1852174,-8.254435,-5.309758
40298454,4.7325587,-6.5527735,-7.425758
40298464,4.8870373,-6.5204406,-8.538244
40298474,4.6415477,-7.5658665,-6.7850904
40298484,3.634442,-8.766969,-4.7373486
40298495,3.026107,-9.020841,-5.144502
40298505,3.319497,-7.723938,-5.2486854
40298515,3.2093263,-6.446195,-5.3852015
40298525,3.8152661,-6.791078,-6.2234583
40298535,3.8703516,-6.883286,-5.0163684
40298545,3.263214,-6.9096313,-4.1924815
40298555,2.3710694,-6.5180454,-4.4439588
40298565,1.2945081,-5.6570363,-4.2715173
40298575,0.6286926,-4.5349693,-4.91937
40298585,-0.07783814,-4.1314087,-5.7073317
40298595,-0.97237796,-5.273833,-5.6738014
40298605,-0.45984375,-7.780221,-5.2989807
40298615,0.28620484,-9.574091,-4.429589
40298625,0.5724097,-10.419533,-3.06802
40298635,1.0250684,-10.912907,-4.9085927
40298645,1.7986597,-9.244776,-6.357579
40298659,2.8201356,-6.47733,-6.828201
40298669,3.1578333,-4.2834926,-6.3360243
40298679,3.5769618,-4.8499146,-6.8018556
40298689,3.2308815,-9.863888,-3.0440698
40298700,4.30864,-15.089821,-2.694397
40298710,5.1145644,-12.163107,-1.0933264
40298720,5.3373013,-4.0631504,-2.74589
40298730,5.3121533,-5.0558863,-4.196074
40298740,4.0200405,-6.6425867,-2.692002
40298750,3.918252,-6.011499,-2.2465284
40298760,4.538562,-7.7347155,-0.47062135
40298770,4.6175976,-10.916499,1.4106665
40298780,4.64514,-10.497371,2.1770728
40298790,4.8283596,-9.661509,1.9746937
40298800,5.170847,-9.255553,2.562671
40298810,5.325326,-9.085506,1.9172131
40298820,4.3206153,-8.165819,1.7639319
40298830,3.3386571,-7.1120105,2.4249573
40298840,3.4081128,-7.97781,1.9040406
40298850,3.5578015,-9.582473,0.21195923
40298860,3.542234,-7.489226,0.05628296
40298870,4.524192,-6.7503624,-0.7759863
40298880,4.599635,-7.862849,-0.2323169
40298890,4.806804,-8.217312,-0.6011499
40298901,4.8451247,-7.3215747,-1.6334033
40298911,4.29427,-6.661747,-4.115841
40298921,2.4776478,-9.380094,-0.8466394
40298931,1.3424084,-10.524914,-3.8727465
40298941,2.4704626,-7.67484,-7.5838294
40298951,3.2189062,-5.562433,-9.085506
40298961,3.530259,-6.108497,-8.794512
40298971,2.1327648,-8.26162,-8.053253
40298981,1.3424084,-9.533375,-8.474776
40298991,3.0081446,-10.918894,-6.3132715
40299001,2.506388,-14.703025,-2.7937903
40299011,1.6190332,-13.105547,-2.1926403
40299021,2.7638526,-8.196955,-4.038003
40299031,3.5458264,-5.918093,-4.883445
40299041,3.307522,-6.0881395,-5.261858
40299053,2.2513185,-6.8114357,-5.2654505
40299063,2.032174,-7.2832546,-3.7649708
40299073,2.7315197,-8.750204,-1.2070899
40299083,2.7339149,-7.860454,-1.1831397
40299093,3.744613,-4.7469287,-4.0906935
40299103,4.0511756,-3.8931043,-2.8680358
40299113,3.739823,-6.876101,-2.75547
40299123,4.6319675,-9.789642,-1.8753003
40299133,5.2498827,-7.6592727,3.3039293
40299143,5.5947657,-8.120314,8.151449
40299153,4.091891,-14.541361,11.074571
40299163,3.9685473,-13.838423,7.625742
40299173,4.1361985,-8.128696,4.28948
40299184,4.778064,-6.2881236,4.076323
40299194,4.8451247,-7.5922117,3.558999
40299204,5.3361034,-7.7622585,2.0501368
40299214,4.9109874,-6.5108604,2.0621119
40299224,5.052294,-5.892946,2.4980054
40299234,4.8666797,-6.6066613,4.5205994
40299244,5.2355127,-8.478369,3.0057495
40299254,2.3219714,-8.401729,1.9878662
40299264,3.7901185,-5.4905825,2.0609143
40299274,5.0750465,-7.2221813,1.1807446
40299284,5.8977356,-10.087822,-0.552052
40299294,6.3048887,-12.627741,-2.4680676
40299304,4.463119,-15.101795,-3.3530273
40299314,4.317023,-11.620635,-4.5601172
40299324,4.485872,-5.5756054,-7.7502832
40299334,3.0548475,-4.867877,-10.717712
40299344,2.5878186,-7.6413097,-8.606503
40299354,2.6931994,-10.399175,-3.800896
40299364,1.1687695,-14.573694,1.9124231
40299374,-0.6730005,-16.868122,1.1316468
40299385,-0.12693603,-14.823974,-3.0225146
40299395,2.2094054,-9.909393,-4.8822474
40299405,3.7973034,-5.710924,-4.1864944
40299415,3.617677,-4.1864944,-2.5842261
40299429,2.5806336,-6.666537,-1.6322058
40299439,1.3196558,-10.538086,0.36404297
40299449,1.3016931,-11.543994,2.7243347
40299459,1.1076965,-8.417296,2.8081603
40299469,1.9327807,-6.8018556,0.32452515
40299479,1.9555335,-6.4066772,-1.4142591
40299489,2.8153455,-6.7838926,0.07065307
40299499,2.9446764,-6.8341885,-0.13052857
40299510,3.7074902,-6.937174,4.89063
40299520,3.8655615,-9.613608,7.6640625
40299530,3.1075377,-9.363329,10.739267
40299540,3.439248,-7.643705,10.085427
40299550,4.078718,-7.0724926,9.101074
40299560,3.634442,-5.910908,7.7203455
40299570,3.6488123,-5.116959,7.7107654
40299580,2.8201356,-5.805527,6.668932
40299590,2.4656725,-4.9301476,5.931266
40299600,3.1745985,-5.5851855,6.3515916
40299610,3.075205,-7.2293663,5.0810337
40299620,3.1650183,-7.6556797,4.070336
40299630,2.7758276,-8.367001,4.421206
40299640,2.6632617,-8.86277,4.380491
40299650,2.6860144,-8.081993,3.913462
40299660,2.010619,-8.605305,3.930227
40299670,1.6142431,-10.233918,5.1995873
40299680,1.6226257,-11.424243,5.564828
40299690,1.4310242,-13.685142,6.4354177
40299700,0.97597045,-14.591657,5.764812
40299710,0.7113208,-13.7138815,4.3912683
40299721,1.346001,-12.34393,3.7110827
40299731,2.5435107,-10.524914,2.1040246
40299741,3.4715807,-9.572893,0.42032593
40299751,3.5949242,-8.87235,-0.62989014
40299761,3.1578333,-9.018446,-1.3340259
40299771,2.7722352,-7.077283,-0.74365354
40299781,3.060835,-8.957373,-1.6286132
40299791,2.9171338,-10.669812,-1.3639636
40299801,3.5158887,-10.134525,-0.852627
40299811,3.725453,-9.649533,-2.3099964
40299821,3.547024,-10.626701,-2.9015663
40299831,3.9661524,-10.856624,-3.803291
40299841,4.2655296,-9.217233,-4.5205994
40299851,4.3912683,-7.4161777,-5.915698
40299861,4.324208,-8.131091,-7.3467226
40299871,3.2608192,-9.035212,-6.277346
40299881,2.44771,-9.210048,-4.0559654
40299891,3.251239,-8.698711,-3.138673
40299901,1.717229,-10.732082,2.814148
40299911,-0.97716796,-11.468551,4.2367897
40299922,-1.7507592,-9.642348,2.2501209
40299932,1.6968713,-6.516848,-1.7459693
40299942,4.86189,-5.694159,-6.3180614
40299952,6.3156667,-7.38145,-4.4738965
40299962,5.773195,-9.245973,-3.427273
40299972,5.2510805,-9.79084,-3.1985486
40299982,3.9122643,-6.873706,-2.1615052
40299992,4.214037,-7.259304,-0.09340576
40300002,4.103866,-9.673484,2.098037
40300017,5.264253,-12.2625,2.5327332
40300027,5.9612036,-12.349918,2.990182
40300037,6.9036436,-11.708053,1.1891272
40300047,6.937174,-11.581117,-0.9592053
40300057,6.7324,-10.835069,-3.0057495
40300067,6.8162255,-8.641231,-4.893025
40300077,6.688092,-7.1359606,-5.583988
40300087,6.227051,-5.835465,-4.805607
40300097,4.2727146,-4.143384,-4.2367897
40300107,0.25027955,-0.91489744,-1.8812878
40300117,-2.3495142,-0.4670288,-4.439169
40300127,-2.5578809,-3.6428246,-4.8427296
40300137,1.5172448,-6.030659,-6.894064
40300147,5.9049206,-8.892708,-6.7455726
40300157,6.476133,-12.840898,-4.843927
40300167,4.7936316,-12.736713,-3.7805383
40300177,3.4620008,-8.194559,-4.172124
40300187,3.0177245,-5.6079383,-4.55892
40300198,2.14953,-7.643705,-4.085903
40300208,2.3974144,-10.153686,-4.3349853
40300218,2.3519092,-10.418335,-2.2201831
40300228,1.1927197,-11.820619,-1.5890955
40300238,-0.94962525,-9.19448,0.32452515
40300248,-0.59516233,-8.647218,-5.3289185
40300258,-0.1963916,-10.049502,-3.8871167
40300268,1.5807129,-11.237432,-4.996011
40300278,2.102827,-10.424322,-5.7444544
40300288,1.6178356,-8.552615,-5.1876125
40300298,0.79394895,-7.491621,-4.1397915
40300308,0.38799316,-8.717871,-1.6465759
40300318,1.8872753,-10.599159,1.3316308
40300328,3.2380664,-12.502002,1.663341
40300338,3.9709425,-14.172528,-0.3556604
40300348,3.7565882,-12.409794,-2.8716285
40300361,4.003275,-10.316546,-4.014053
40300371,5.5540504,-10.054292,-2.8979735
40300381,4.836742,-11.124866,-4.5217967
40300391,5.4905825,-13.272,-2.9686267
40300401,5.863008,-14.5365715,-2.4860303
40300411,4.7277684,-13.694721,-2.6692493
40300421,4.4439588,-8.787327,-1.653761
40300431,4.4511437,-6.6557593,-2.535128
40300441,3.0440698,-6.678512,-3.918252
40300451,1.0526111,-6.8557434,-4.6271777
40300461,0.46343628,-1.959126,-6.046227
40300472,-0.8586145,-2.647694,-5.5312977
40300482,3.0296998,-4.636758,-4.4906616
40300492,3.2715967,-7.276069,-1.4681469
40300502,2.4980054,-9.736952,-2.032174
40300512,2.5997937,-12.434941,-2.9746141
40300522,5.0103807,-10.083033,0.87777466
40300532,6.4964905,-6.221063,0.4418811
40300542,4.172124,-6.1815453,-3.9338195
40300552,3.3290772,-6.7383876,-4.5637097
40300562,3.446433,-8.861572,-4.0882983
40300572,3.9529798,-10.679392,-3.8523889
40300582,4.7349534,-11.933185,-3.5003211
40300592,4.3493557,-11.851754,-2.9243188
40300602,4.9445176,-11.65656,-1.3364209
40300612,4.477489,-11.167976,-0.9316626
40300622,4.942123,-10.205178,-0.35925293
40300632,5.295388,-6.7312026,-0.7699988
40300642,5.20797,-4.5684996,-1.653761
40300652,4.8379393,-5.077441,-1.2837305
40300662,4.093088,-6.2474084,0.46343628
40300672,4.4403663,-6.4174547,1.101709
40300683,3.145858,-7.3754625,-1.1412268
40300693,2.711162,-7.253317,-1.3076806
40300703,2.2309606,-6.1276574,-0.48020142
40300713,1.5819104,-5.542075,1.2561878
40300723,2.1435425,-5.7707996,3.0237122
40300733,2.9961693,-6.673722,1.3807287
40300743,3.2129188,-8.517887,-0.70533323
40300753,4.047583,-9.574091,-0.63468015
40300763,3.5458264,-11.239826,-2.1100123
40300773,1.3819263,-13.123509,-0.6706055
40300783,0.81550413,-11.486514,1.5304174
40300793,-0.22992188,-7.8029737,1.7723144
40300803,0.31135255,-6.5012803,-0.022752685
40300813,1.4944922,-6.9515443,-0.2802173
40300823,3.1422656,-6.676117,-0.5999524
40300833,3.9098694,-7.174281,0.21315674
40300843,4.1781116,-8.208929,2.078877
40300853,3.0548475,-8.741821,4.0320153
40300863,2.1124072,-10.759625,2.9674292
40300873,2.102827,-12.607383,3.422483
40300883,2.562671,-16.271763,4.853507
40300894,0.1472937,-16.052618,3.988905
40300904,1.6825012,-10.581196,2.3387365
40300914,2.039359,-9.369316,9.963282
40300924,7.9131446,-8.652008,5.285808
40300934,5.743257,-11.739188,4.2834926
40300944,6.2078905,-13.054054,4.691843
40300954,5.2750306,-11.94995,3.8200562
40300964,5.5923705,-6.5623536,2.5614734
40300974,4.7720766,-3.0296998,2.3459215
40300984,4.6187954,-2.887196,2.1710851
40300994,3.4356556,-7.259304,4.893025
40301004,4.242777,-10.462643,8.217312
40301014,7.322772,-9.563313,7.0162096
40301024,8.177794,-8.760982,4.2978625
40301034,7.67484,-8.952583,4.4176135
40301044,7.1048255,-9.1621475,4.0332127
40301054,7.1048255,-8.702304,2.4333398
40301064,6.854546,-7.1311707,2.4261549
40301074,6.509663,-5.076244,1.9890637
40301084,4.9552956,-1.5172448,2.8416908
40301095,3.5410364,1.1328442,2.9398866
40301105,2.2393432,3.145858,4.1218286
40301115,1.2346326,2.2920337,7.436536
40301125,0.3185376,1.1855347,8.436457
40301135,0.07544312,-1.9495459,10.581196
40301145,-0.73407346,-6.0222764,13.475577
40301155,-1.1448194,-4.0272255,12.2505245
40301165,-0.18082398,1.4166541,9.721384
40301175,-0.23590942,3.6092944,10.5201235
40301185,-0.96399534,1.0298584,10.820698
40301195,-2.2728736,-4.291875,15.231127
40301205,-2.8273206,-7.2485266,16.466957
40301215,-0.5400769,-2.9806018,13.809683
40301225,1.346001,1.9279907,10.3512745
40301235,0.8250842,3.6476147,8.913065
40301245,0.83945435,3.0716126,8.624465
40301255,1.6944764,-0.65623534,7.4101906
40301265,0.36164796,-5.5923705,6.5012803
40301275,0.88855225,-5.393584,5.358856
40301285,2.818938,-5.210365,3.754193
40301295,2.7830126,-6.900051,3.2811768
40301306,2.2333558,-10.39199,4.240382
40301316,3.5434313,-13.329481,3.3206947
40301326,3.4799633,-15.930472,3.9433997
40301336,3.3650024,-16.470549,4.87626
40301346,4.1146436,-15.2754345,4.8714695
40301356,3.925437,-15.415544,6.3360243
40301366,3.0596375,-13.903089,7.180269
40301376,1.9974463,-10.429112,7.3287597
40301386,1.1711645,-6.2965064,6.849756
40301396,0.62031007,-2.1555176,4.8642845
40301406,-0.59156984,-0.12693603,4.135001
40301416,-0.2945874,-5.9348583,6.7144375
40301426,-0.94842774,-6.815028,9.948911
40301436,0.16405883,-5.642666,10.591974
40301446,-0.5640271,-0.6861731,10.5620365
40301456,-0.6777905,5.419929,13.137879
40301466,-1.2022998,4.8822474,15.137721
40301476,-1.8118323,6.4246397,16.674126
40301486,0.8095166,12.506792,15.464642
40301496,1.0214758,14.329402,13.093572
40301507,0.11136841,9.177715,12.237352
40301517,0.19399658,0.4658313,11.767928
40301527,0.25506958,-6.3815293,10.614727
40301537,0.45265868,-7.0700974,9.774075
40301547,-0.09699829,-2.0920496,7.247329
40301557,-1.287323,-1.2034973,6.75635
40301567,-1.5016773,-3.5314562,6.9970493
40301577,-2.626139,-5.180427,6.3982944
40301587,-1.6082556,-3.4260755,7.3299575
40301597,-1.3340259,-8.7334385,6.4402075
40301607,0.8262817,-13.966557,4.0272255
40301617,1.7567468,-18.466799,3.8392162
40301627,3.869154,-18.16263,5.3552637
40301637,4.101471,-18.515896,5.2810183
40301647,2.8740234,-20.284618,6.3767395
40301657,2.8907886,-17.657282,6.974297
40301667,3.2308815,-11.767928,6.314469
40301677,1.6813037,-9.328601,8.038883
40301687,0.91130495,-7.38624,11.062595
40301697,3.253634,-3.8763392,8.702304
40301707,-0.11136841,-8.36221,7.113208
40301718,2.562671,-6.9659142,7.397018
40301728,1.7663269,-5.5995555,4.5936475
40301738,-1.0095007,-1.4956897,6.610254
40301748,-0.8478369,0.13771363,8.988508
40301758,-2.071692,-0.0071850587,9.905801
40301768,-1.6417859,-0.0011975098,11.111693
40301778,-1.045426,2.4010072,13.406122
40301788,-1.9639161,5.300178,13.764177
40301798,-1.6573535,8.667576,13.977334
40301808,-1.8333875,8.545429,12.667258
40301818,-1.0681787,6.1037073,11.668535
40301828,-0.9292676,2.7219398,10.384805
40301838,-0.41194335,1.1520044,9.644744
40301848,-0.6885681,0.23950195,9.514215
40301858,-0.24668701,-2.039359,7.6149645
40301868,-1.2765454,-4.3230104,6.842571
40301878,1.23104,-5.334906,4.8080015
40301888,0.5376819,-8.235274,4.404441
40301898,1.7902771,-10.480605,2.2465284
40301908,2.2992187,-13.759387,1.0789562
40301918,2.1255798,-18.29316,4.0655456
40301929,4.6738806,-18.120718,5.4091516
40301939,3.817661,-16.981886,4.6152024
40301949,2.4285498,-16.760347,5.9911413
40301959,2.374662,-14.731765,7.2509217
40301969,1.7950672,-12.188254,7.230564
40301979,0.026345216,-8.335865,8.224497
40301989,1.7399817,-0.305365,5.5899754
40301999,-2.074087,-0.859812,10.096205
40302009,-1.3567786,-6.4378123,13.533058
40302019,0.14370117,-2.0513341,13.045671
40302029,-0.13771363,2.8836036,11.354788
40302039,-2.1148024,4.7277684,11.1320505
40302049,-1.6932788,6.43422,12.206217
40302059,-2.7542725,6.9048414,13.050462
40302069,-1.3052857,8.436457,12.038566
40302079,-1.9411633,8.040081,9.81479
40302089,-3.121908,4.5792775,9.79084
40302099,-2.3076012,1.7411792,9.820778
40302109,-0.5137317,-0.5269043,7.7790236
40302119,-1.0166858,-3.7003052,7.04974
40302130,0.17244141,-7.4724607,7.2461314
40302140,1.0801538,-7.2245765,4.3349853
40302150,1.7244141,-9.741742,1.3268409
40302160,0.7364685,-16.081358,3.4488282
40302170,3.0979578,-19.271524,5.0427136
40302180,5.3875966,-19.501446,3.9960902
40302190,4.5708947,-19.810404,4.006868
40302200,2.9374914,-20.231928,6.221063
40302210,3.4548156,-16.675323,6.7288074
40302220,1.5364051,-13.9952965,7.195836
40302230,0.21555176,-11.813434,7.5299416
40302240,0.97597045,-6.5455885,6.2246556
40302250,1.1196716,-1.7627344,5.879773
40302260,-2.217788,-7.716753,9.11784
40302270,-1.0562036,-6.1204724,10.874586
40302280,-1.101709,-0.4754114,8.713081
40302290,-2.4860303,3.473976,10.3512745
40302300,-4.6822634,5.259463,11.043435
40302310,-2.8692334,10.881771,12.391831
40302320,-4.0368056,10.174043,13.370196
40302331,-3.441643,9.272318,14.1006775
40302341,-1.6932788,8.066425,12.261303
40302351,-2.4045997,5.5780005,10.451865
40302361,-2.410587,2.943479,9.839938
40302371,-1.2813355,1.2034973,8.830437
40302381,-0.20357665,-1.6693286,7.940687
40302391,-1.1795471,-7.2652917,9.183702
40302401,0.71730834,-7.418573,6.8725085
40302411,0.9592053,-7.6796303,3.8835242
40302421,-1.2669654,-12.158317,3.1542406
40302431,2.0680993,-13.44564,4.223617
40302441,3.0991552,-16.568745,2.645299
40302451,2.8500733,-19.043999,4.120631
40302461,4.1948767,-19.764898,5.628296
40302471,2.8404932,-19.012863,6.8976564
40302481,2.203418,-15.378421,6.7599425
40302491,0.8478369,-11.33922,6.14083
40302501,0.03592529,-8.270002,5.9228835
40302511,0.1592688,-5.452262,7.3934255
40302521,-0.7268884,-7.03537,8.989706
40302532,0.50894165,-5.476212,7.2652917
40302542,-0.20716919,-2.9686267,6.695277
40302552,-0.6274951,-0.27422974,6.758745
40302562,-2.0046313,2.2118006,9.975256
40302572,-2.14953,5.247488,12.140354
40302582,-3.1698084,7.117998,12.821737
40302592,-1.8154248,8.465197,14.451548
40302602,-2.386637,7.3048096,14.863491
40302612,-0.39996827,7.3467226,13.865966
40302622,-1.4058765,4.5864625,12.734319
40302632,-1.663341,1.7663269,12.015813
40302642,-1.8154248,-0.42152345,10.882969
40302652,-1.5962806,-1.9172131,9.357342
40302662,-1.0741663,-3.551814,7.9861927
40302672,-0.45265868,-5.3708315,5.4331017
40302682,-0.48618898,-8.437654,3.9038818
40302692,0.6095325,-11.1392355,1.3567786
40302702,0.85142946,-13.18578,1.7986597
40302712,3.3961377,-15.083833,3.2153137
40302722,2.880011,-19.599642,5.4726195
40302732,3.131488,-20.722906,6.156398
40302743,2.2261705,-19.03322,7.0892577
40302753,0.7149133,-15.118561,7.594607
40302763,-0.04790039,-10.524914,7.7131605
40302773,-0.5664221,-7.9119473,8.764574
40302783,-0.3197351,-6.6066613,8.716674
40302793,-0.34727782,-5.874983,8.293953
40302803,-0.5640271,-5.660629,6.9431615
40302813,0.021555176,-1.8106347,4.4415636
40302823,-0.083825685,6.325247,6.4162574
40302833,-2.626139,4.416416,10.10339
40302843,-2.4069946,3.05844,13.631253
40302853,-0.27183473,8.618478,12.467274
40302863,-1.2789404,10.688972,12.713962
40302873,-0.549657,10.140512,13.542638
40302883,0.49576905,7.931107,13.098362
40302893,0.8358618,5.295388,12.484039
40302903,1.1460168,2.8297155,11.1320505
40302913,1.0095007,0.80233157,9.551338
40302923,0.33171022,0.21315674,8.249645
40302933,-0.0071850587,-0.23710693,7.013815
40302943,-0.15567628,-2.2920337,7.7862086
40302954,-0.39757323,-3.9481897,8.998089
40302964,-1.299298,-5.1217494,8.549023
40302974,-0.49337402,-5.302573,7.4952135
40302984,-0.91849,-7.1730833,7.167096
40302994,0.48499146,-9.442365,7.6101747
40303004,1.607058,-12.021801,8.88193
40303014,1.7076489,-11.597882,8.927435
40303024,1.6405884,-8.708291,7.3563023
40303034,0.676593,-8.547825,6.2785435
40303044,0.25267455,-8.150251,5.1995873
40303054,0.082628176,-8.428074,4.3349853
40303064,0.3065625,-7.613767,4.912185
40303074,1.8046472,-6.922804,4.4080334
40303084,1.1867322,-8.668774,4.348158
40303094,1.465752,-10.164463,4.4499464
40303104,2.3028114,-10.831476,3.9218445
40303114,3.0835876,-9.351354,3.2081287
40303124,3.014132,-7.6940002,2.4069946
40303134,2.7722352,-7.4880285,2.4069946
40303144,1.9902612,-7.6329274,2.2249732
40303155,2.0261865,-8.122708,1.404679
40303165,1.8094373,-7.7838135,1.3220508
40303175,1.7950672,-7.355105,0.10538086
40303185,2.9686267,-6.843768,-1.4441968
40303195,2.7794201,-7.379055,-2.5878186
40303205,2.9853919,-8.538244,-4.2104445
40303215,2.5399182,-9.022038,-3.7733533
40303225,2.3267615,-8.353828,-3.6943176
40303235,1.9040406,-7.146738,-5.0666637
40303245,0.44547364,-6.7994604,-3.974535
40303255,2.374662,-5.132527,-5.957611
40303265,3.1997461,-5.498965,-6.946754
40303275,2.2309606,-10.944042,-1.9998413
40303285,2.4405248,-18.502724,4.4152184
40303295,0.18800904,-17.433348,3.3638048
40303305,0.32093263,-5.6223083,-4.4571314
40303315,1.169967,3.0787976,-10.96919
40303325,1.5447876,2.5554857,-11.0266695
40303335,-0.37242553,-6.4174547,-5.7025414
40303345,1.0921289,-10.462643,-4.0739284
40303355,2.0549269,-12.742702,-4.133804
40303366,1.9675086,-13.118719,-4.2834926
40303376,2.1459374,-11.915222,-4.675078
40303386,3.8631666,-12.57984,-2.997367
40303396,3.754193,-14.810801,-1.3675561
40303406,4.350553,-13.115127,-2.7937903
40303416,4.4655137,-10.263856,-3.8811293
40303426,4.1146436,-8.600515,-3.3721876
40303436,3.573369,-8.096363,-3.241659
40303446,3.2213013,-7.8149486,-4.101471
40303456,3.222499,-6.8246083,-4.7624965
40303466,2.9482691,-6.175558,-6.866521
40303476,2.3710694,-5.5289025,-8.816067
40303486,1.9100281,-6.312074,-9.436377
40303496,1.5124549,-8.178991,-9.996812
40303506,2.1950355,-9.467512,-9.685459
40303516,2.1962328,-8.019723,-6.7132397
40303526,1.6154407,-7.540719,-7.1898484
40303536,1.3280383,-8.140672,-7.1599107
40303546,1.9411633,-7.500004,-4.59245
40303556,1.6669335,-6.2486057,-2.003434
40303566,-0.12813355,-6.7922754,-1.3196558
40303577,-1.0801538,-8.258027,-0.7149133
40303587,0.014370117,-9.733359,-1.421444
40303597,1.2394226,-10.044712,-2.6021888
40303607,1.3064831,-10.017169,-2.8345056
40303617,0.6610254,-10.739267,-2.0405567
40303627,0.5137317,-10.2387085,-1.1316468
40303637,-0.24788453,-9.875863,-3.0835876
40303647,-0.8957373,-10.595567,-4.8175817
40303657,-0.16046631,-9.890233,-4.536167
40303667,-0.034727782,-9.382489,-4.931345
40303677,0.18920654,-8.772957,-4.2763076
40303687,-0.24788453,-9.923763,-2.0237916
40303697,-0.9556128,-10.785971,-0.7688013
40303707,0.021555176,-11.379935,0.44427612
40303717,1.4130615,-11.385922,-0.38679564
40303727,2.0058289,-10.880573,-1.5016773
40303737,2.647694,-10.3512745,-3.178191
40303747,2.6129663,-8.532257,-3.749403
40303757,2.6045837,-10.014774,-6.9216065
40303767,1.848955,-9.196875,-3.0955627
40303778,2.7985804,-9.013656,-4.135001
40303788,3.3578174,-9.702224,-2.4489074
40303798,2.7303224,-12.309203,-4.5445495
40303808,3.8320313,-13.40253,-4.069138
40303818,4.467909,-11.855347,-2.8764184
40303828,2.9255164,-8.313113,-4.1445813
40303838,1.6238233,-5.403164,-4.3134303
40303848,1.3879138,-5.5899754,-3.9757323
40303858,0.84424436,-7.1539235,-3.8320313
40303868,-0.16046631,-7.819739,-3.7601807
40303878,-0.5388794,-7.479646,-2.889591
40303888,0.68976563,-8.381371,-1.3974938
40303898,2.5123756,-8.840017,-0.5987549
40303908,4.0655456,-9.457932,-0.8741821
40303918,3.5242712,-7.1515284,-1.4178516
40303928,2.7003846,-4.0631504,-3.6727624
40303938,2.499203,-1.8884729,-5.6738014
40303948,2.8201356,-2.0261865,-8.110734
40303958,1.9232007,-7.587422,-9.362131
40303968,1.6777111,-11.728411,-4.2954674
40303979,3.3482373,-12.964241,-1.2669654
40303989,2.6704469,-10.71412,-1.6393908
40303999,2.2417383,-8.170609,-5.26066
40304009,2.7075696,-6.531218,-6.9754944
40304019,3.6631823,-6.5204406,-7.0162096
40304029,5.1612673,-6.890471,-6.859336
40304039,5.1624646,-9.172925,-6.4438
40304049,5.2810183,-9.981244,-4.8008165
40304059,6.1444225,-9.190887,-3.8763392
40304069,6.3468018,-8.93941,-4.1469765
40304079,4.785249,-9.444759,-2.6153612
40304089,3.317102,-7.5467067,-1.8190173
40304129,1.6765137,-6.422245,-2.1339624
40304139,1.2681628,-6.6916847,0.14010864
40304149,1.4250367,-7.339537,2.7147546
40304159,1.7531543,-6.9695067,2.7339149
40304169,0.9831555,-6.9503465,1.5771203
40304179,1.0394385,-7.0018396,1.712439
40304189,1.2382251,-7.331155,0.62989014
40304199,1.23104,-7.67484,-0.10059082
40304209,1.2490027,-7.8317137,0.61911255
40304219,1.1711645,-8.938213,0.21555176
40304229,1.7280066,-10.209969,-0.5053491
40304239,2.083667,-10.298584,1.3615686
40304249,1.470542,-11.177556,3.6428246
40304260,1.0609937,-12.593013,6.589896
40304270,1.1843371,-12.382251,7.850874
40304280,1.1460168,-11.24342,1.8992505
40304290,1.2573853,-8.752599,0.14130615
40304300,2.8919861,-5.7564297,-1.1831397
40304310,2.8225305,-8.450827,2.0680993
40304320,2.1100123,-10.691367,3.302732
40304330,2.8476782,-10.097403,4.693041
40304340,4.4152184,-9.044791,4.212839
40304350,3.4236803,-11.577524,5.5899754
40304360,3.222499,-11.027867,7.4724607
40304370,2.208208,-7.5491014,6.932384
40304380,2.9231215,-3.9829175,5.500162
40304390,4.204457,-4.8307543,5.163662
40304400,2.5363257,-8.449629,6.4797254
40304410,2.1148024,-9.119037,6.773115
40304420,1.8788928,-9.134604,6.1599903
40304430,1.7627344,-9.079519,6.070177
40304440,1.5603552,-9.0076685,6.844966
40304450,1.597478,-8.52627,7.4724607
40304461,3.4200878,-7.157516,6.085745
40304471,1.9160156,-5.660629,4.061953
40304481,0.10777588,-7.259304,8.764574
40304491,2.9734168,-5.891748,4.0368056
40304501,0.97118044,-9.210048,5.725294
40304511,1.9603235,-8.454419,6.730005
40304521,2.8273206,-7.6317296,5.384004
40304531,2.4860303,-9.107061,5.2007847
40304541,3.1446607,-8.345446,5.1373167
40304551,3.798501,-6.7192273,3.5182836
40304561,3.2871642,-8.398136,3.126698
40304571,3.5973194,-8.265212,2.8440857
40304581,3.6476147,-6.084547,2.4441175
40304591,2.8345056,-6.77072,3.615282
40304601,2.5758436,-8.93941,4.1098537
40304611,2.5207582,-7.6233473,3.7027001
40304621,5.3504734,-7.0892577,0.5760022
40304631,4.445156,-9.186097,-2.5483007
40304641,4.2643323,-8.884325,-1.22146
40304651,3.6847374,-10.232721,-0.94842774
40304662,2.7710376,-11.618239,0.49936157
40304672,2.0190015,-11.370356,2.1339624
40304682,1.6896863,-9.153765,2.931504
40304692,2.3004162,-10.243499,6.9683094
40304702,1.959126,-11.748768,8.965755
40304712,2.2980213,-8.759784,5.733677
40304727,2.6141639,-6.9443593,2.318379
40304737,3.1087353,-6.7623377,0.029937744
40304747,2.9782069,-6.922804,-1.9064355
40304757,2.8392956,-5.78038,-3.2476466
40304767,2.9722192,-4.6822634,-4.2391844
40304777,3.102748,-2.7949877,-3.5398388
40304787,2.8836036,-5.197192,2.4836352
40304797,1.299298,-9.139395,8.874744
40304807,1.6046631,-8.505912,10.056687
40304817,2.8464806,-9.48787,13.231285
40304827,3.3721876,-10.909314,13.677957
40304837,4.0978785,-9.601633,11.533216
40304847,5.310956,-7.259304,8.884325
40304857,5.1995873,-6.2102857,4.6199927
40304867,4.2643323,-4.884642,2.4860303
40304877,3.3506324,-5.0738487,2.4800427
40304887,3.145858,-6.284531,2.8081603
40304897,3.8152661,-7.63652,3.4081128
40304908,4.205654,-9.041199,2.9674292
40304918,3.3398547,-10.550061,1.9722986
40304928,3.4152977,-9.243578,1.228645
40304938,2.9494665,-8.819659,0.8909473
40304948,3.1530433,-9.687854,-0.368833
40304958,2.8416908,-8.823252,-1.9675086
40304968,2.9159362,-9.917776,-1.9519409
40304978,3.2572265,-9.625584,-3.2009437
40304988,2.45729,-11.411071,-4.1637416
40304998,3.1578333,-8.60291,-5.034331
40305008,1.6477734,-6.9204087,-5.5133348
40305018,0.009580079,-9.159752,-4.1805067
40305028,-0.13052857,-12.457694,-3.7901185
40305038,-1.0609937,-15.196399,-3.913462
40305048,0.025147704,-12.983401,-5.083429
40305058,1.8741028,-12.285253,-5.363646
40305068,2.3004162,-11.1464205,-5.5241127
40305078,2.1052222,-9.028027,-5.5360875
40305090,1.8273998,-7.61257,-4.963678
40305100,0.7735913,-7.9646373,-3.150648
40305110,0.22872436,-8.349038,-0.3221301
40305120,0.8753796,-10.123748,0.18920654
40305130,2.4465125,-12.140354,3.7889209
40305140,2.0645068,-8.606503,2.4285498
40305150,2.8656409,-6.331234,-2.3878345
40305160,2.8500733,-6.1611876,-5.1612673
40305170,3.8954992,-8.766969,-3.4572108
40305180,5.0475035,-9.342971,-1.4022839
40305190,5.5432725,-9.856703,0.8921448
40305200,4.5912523,-9.72378,3.1015503
40305210,3.6727624,-10.844648,4.8642845
40305220,4.142186,-12.245735,6.2474084
40305231,5.0738487,-11.8002615,5.8438478
40305241,4.6247826,-9.86748,3.0991552
40305251,4.1469765,-6.900051,2.13037
40305261,3.998485,-4.956493,2.4321423
40305271,3.4715807,-6.13125,4.0248303
40305281,3.5793567,-8.519085,5.007986
40305291,2.14953,-10.582394,2.9614418
40305301,2.9865894,-3.861969,1.8609302
40305311,4.2667274,-3.305127,2.1603076
40305321,4.3924656,-8.1071415,4.021238
40305331,2.8369007,-12.080479,-0.41194335
40305341,1.5567627,-11.317665,-0.6334827
40305351,1.7040564,-10.158475,-2.3662794
40305361,3.4560132,-10.971584,-1.7639319
40305371,4.877457,-10.956017,-2.2752686
40305381,7.5514965,-10.5692215,-4.543352
40305391,4.3840833,-13.536651,-2.506388
40305401,1.5843054,-11.4062805,0.59276736
40305411,0.9735754,-7.181466,-2.7961853
40305421,0.6167175,-7.507189,-5.449867
40305432,0.8262817,-9.325008,-6.573131
40305442,0.9831555,-9.878258,-7.604187
40305452,1.2322376,-9.5214,-6.5922914
40305462,1.2166699,-9.399254,-5.562433
40305476,0.6215076,-7.9035645,-7.7526784
40305486,0.38440064,-6.8964586,-6.043832
40305496,0.92687255,-5.9492283,-3.2931519
40305506,1.2142749,-8.137079,-2.767445
40305516,1.4142591,-10.698552,-1.3388159
40305526,0.9077124,-10.708133,-0.62989014
40305536,1.5495776,-6.876101,-4.0392003
40305546,2.4093897,-5.3552637,-6.8796935
40305556,4.252357,-6.074967,-7.08327
40305567,4.6714854,-7.8784165,-6.091732
40305577,4.4978466,-9.466314,-5.2965856
40305587,4.093088,-8.995693,-4.317023
40305597,3.9805224,-9.159752,-1.6346009
40305607,4.167334,-10.758428,0.3927832
40305617,4.8594947,-10.835069,1.2202624
40305627,4.8187795,-7.6963954,1.7375866
40305637,4.7445335,-6.549181,0.9017249
40305647,4.084706,-6.7276096,2.1100123
40305657,3.4129028,-7.028185,3.485951
40305667,2.7422974,-7.683223,4.1781116
40305677,2.887196,-7.186256,3.998485
40305687,3.7290454,-7.9107494,2.806963
40305697,2.3674767,-6.603069,2.0872595
40305707,3.6380346,-5.219945,2.1627026
40305717,4.077521,-8.26162,1.1615845
40305727,3.3482373,-11.371552,-0.7688013
40305737,1.3184582,-10.007589,-0.41433838
40305747,2.5854235,-8.747808,0.13412109
40305758,3.373385,-10.74765,0.10538086
40305768,4.4200087,-12.342733,-0.74365354
40305778,5.1289344,-12.199032,-2.1555176
40305788,5.1480947,-13.7629795,-3.598517
40305798,3.2356713,-14.077925,-1.3639636
40305808,1.9507434,-9.217233,-0.1101709
40305818,-0.20836669,-7.0437527,-0.61552
40305828,-1.0945239,-8.590935,-4.1529636
40305838,0.33171022,-9.674682,-8.798104
40305848,3.2692018,-9.031619,-8.880733
40305858,4.261937,-8.643625,-5.6462584
40305868,3.5865417,-10.221943,-2.8680358
40305878,2.3854394,-12.050541,-1.2825329
40305891,1.7663269,-12.888798,-2.450105
40305902,1.7771045,-11.995456,-1.84177
40305912,0.98794556,-9.887838,-2.1171973
40305922,0.75083864,-7.4784484,-3.4667907
40305932,1.3376184,-5.358856,-3.9673498
40305942,2.1567152,-5.8977356,-2.5291407
40305952,2.689607,-9.588461,1.4382092
40305962,3.138673,-12.620556,1.8513501
40305972,3.3063245,-8.903485,-1.3579761
40305982,2.8680358,-5.910908,-2.8440857
40305992,2.9398866,-5.19839,-1.8273998
40306002,2.8728259,-6.2905188,-0.6370752
40306012,2.9877868,-8.378976,0.3927832
40306022,3.190166,-10.003997,1.411864
40306032,2.8572583,-10.043514,1.350791
40306042,2.990182,-8.560997,2.2800586
40306052,3.8631666,-6.861731,3.2572265
40306062,4.8403344,-7.147936,4.360133
40306072,5.2989807,-9.580078,5.0498986
40306082,4.2499623,-10.944042,3.9002893
40306092,3.0596375,-9.651929,2.3147864
40306103,3.2787817,-7.556287,0.38799316
40306113,3.685935,-8.133487,-1.4561719
40306123,4.3697133,-10.356065,-2.5686584
40306133,4.085903,-10.649454,-3.854784
40306143,3.8236487,-9.013656,-4.382886
40306153,2.8812084,-7.6149645,-10.011182
40306163,-2.0285816,-3.859574,-8.188572
40306173,-0.9939331,-1.6932788,-10.888956
40306183,1.3843213,-5.380411,-11.04583
40306193,3.9014869,-8.648416,-7.2712793
40306203,4.3697133,-8.659193,-7.3826475
40306213,3.070415,-7.65089,-7.5682616
40306223,1.350791,-8.749006,-5.943241
40306233,1.4250367,-10.721305,-3.6679723
40306243,2.102827,-11.249407,-2.6596692
40306253,3.006947,-10.447075,-2.692002
40306263,3.766168,-9.363329,-3.2715967
40306273,4.4439588,-11.220667,1.1843371
40306283,4.108656,-12.709171,1.3471985
40306293,3.8296363,-8.297545,0.857417
40306304,3.6559973,-7.0018396,0.42751098
40306314,3.3745825,-8.346643,1.2933105
40306324,3.214116,-9.582473,1.729204
40306334,3.321892,-10.413545,1.3364209
40306344,3.2859669,-10.298584,0.5005591
40306354,3.2871642,-9.093889,-0.798739
40306364,3.1243029,-7.933502,-1.8070422
40306374,2.9806018,-7.8329115,-2.4165747
40306384,3.1374755,-8.272397,-2.0764818
40306394,3.5925293,-8.847202,-1.0083032
40306404,4.343368,-9.875863,0.023950195
40306414,4.533772,-10.014774,0.034727782
40306424,4.372108,-9.469907,-0.21555176
40306434,3.8679566,-9.105865,-0.96160036
40306444,3.6068995,-9.357342,-1.4693445
40306454,3.8907092,-9.614806,-1.1484119
40306469,3.5829492,-8.820857,-1.3974938
40306479,2.938689,-7.2245765,-2.1219873
40306489,2.8512707,-6.4593678,-4.212839
40306499,2.7219398,-5.769602,-4.639153
40306509,0.7688013,-8.119116,-3.7769458
40306519,-0.43709105,-8.338261,-4.536167
40306529,1.1376343,-8.478369,-7.2461314
40306539,3.4608033,-9.402846,-7.6077795
40306549,4.567302,-9.994416,-6.7479677
40306559,3.7733533,-9.145382,-4.931345
40306569,2.137555,-7.237749,-4.1026683
40306579,0.8861572,-6.5156507,-4.2978625
40306589,0.9077124,-7.150331,-3.98172
40306599,1.6848962,-9.371712,-2.3447242
40306610,3.05844,-11.402688,-1.6729212
40306620,5.4510646,-11.597882,3.06802
40306630,5.1612673,-11.225456,2.081272
40306640,2.7985804,-7.714358,-0.2586621
40306650,0.85023195,-5.910908,-0.5664221
40306660,2.1255798,-5.9755735,1.4920971
40306670,3.9913,-8.577763,0.92687255
40306680,3.8559813,-9.309441,2.1088147
40306690,3.3673975,-9.366921,2.7327173
40306700,3.4164953,-9.495055,2.5842261
40306710,3.2129188,-10.06028,1.592688
40306720,3.321892,-8.739427,1.0681787
40306730,3.676355,-8.222102,0.7699988
40306740,3.8308337,-8.260423,0.3927832
40306750,4.077521,-7.658075,-0.020357667
40306760,4.2834926,-5.987549,0.432301
40306770,4.373306,-5.290598,0.70653075
40306780,3.8116736,-5.989944,2.032174
40306790,2.6524842,-7.8233314,4.132606
40306800,2.2141955,-9.499845,4.7612987
40306811,1.4250367,-10.50695,6.0570045
40306821,1.8142273,-9.947714,5.5612354
40306831,2.5279431,-8.974138,4.035608
40306841,3.6260595,-8.393346,2.7890003
40306851,3.9050794,-8.129894,2.2944288
40306861,3.8978944,-8.428074,2.4644752
40306871,3.4572108,-8.66518,1.9363732
40306881,3.359015,-8.105944,1.771117
40306891,3.0033545,-7.716753,2.1639001
40306901,2.6644592,-7.9502673,3.1566358
40306911,2.6584716,-9.233997,4.352948
40306921,2.7937903,-10.163265,4.4583287
40306931,3.3278797,-10.469828,4.482279
40306941,3.9266346,-10.035131,3.7805383
40306951,3.3290772,-10.536888,2.7937903
40306961,1.3986914,-10.081835,1.7004639
40306971,1.4418018,-8.346643,0.1844165
40306981,2.0190015,-7.853269,0.22273682
40306991,1.5962806,-9.432784,-0.9340576
40307001,0.97597045,-11.678115,-1.9387683
40307012,0.91489744,-12.30082,-3.3638048
40307022,1.8130298,-10.5201235,-5.5049524
40307032,1.705254,-8.737031,-7.0090246
40307042,0.8837622,-7.3371425,-7.7131605
40307052,0.54726195,-7.267687,-7.8400965
40307062,0.6969507,-8.52627,-6.9048414
40307072,1.2250525,-10.096205,-5.295388
40307082,1.6669335,-11.712843,-2.4189696
40307092,1.113684,-12.856464,-0.19758911
40307102,-0.28500733,-12.727134,1.7220191
40307112,-0.53289187,-11.268567,0.8789722
40307122,0.3796106,-9.174122,-1.6322058
40307132,1.4801221,-7.0317774,-4.6475353
40307142,2.7363098,-5.339696,-6.091732
40307152,3.8919067,-4.8175817,-6.1468177
40307162,3.075205,-5.0822315,-5.5133348
40307172,2.1387525,-5.567223,-4.367318
40307182,1.1484119,-6.0103016,-4.0200405
40307192,1.463357,-5.0894165,-4.2906775
40307202,2.3435266,-3.434458,-5.358856
40307213,3.885919,-3.530259,-5.415139
40307223,5.7863674,-4.907395,-4.502637
40307233,5.527705,-9.671089,0.859812
40307243,4.3912683,-13.353432,2.6405091
40307253,5.380411,-13.7701645,3.3997302
40307263,5.1121693,-14.673087,1.5843054
40307273,5.7767873,-15.02276,1.2825329
40307283,6.3132715,-14.162948,1.597478
40307293,5.715714,-12.240945,1.2178674
40307303,5.3852015,-9.657916,-0.7149133
40307313,5.642666,-7.3766603,-3.5218763
40307323,6.236631,-6.0103016,-5.1876125
40307333,6.6557593,-5.7923546,-5.9959316
40307343,6.2665687,-5.660629,-5.629493
40307353,4.743336,-6.0593996,-4.981641
40307363,2.9710217,-6.2869263,-4.3074427
40307373,1.8776953,-6.6916847,-5.0115786
40307383,1.6872913,-6.597081,-5.116959
40307393,2.2465284,-5.945636,-5.691764
40307403,3.925437,-6.894064,-7.1946387
40307413,5.725294,-6.8964586,-6.508466
40307424,6.6425867,-5.6905665,-3.7745507
40307434,4.949308,-7.540719,-2.6273365
40307444,2.7195446,-10.523716,-1.0442286
40307454,0.97597045,-9.906999,1.1999048
40307464,1.6310083,-9.3944645,-0.37003052
40307474,2.4345374,-11.529624,-1.775907
40307484,2.6045837,-12.727134,1.1484119
40307494,-0.36164796,-9.49745,2.4249573
40307504,-1.7998571,-8.259225,-1.3843213
40307514,-1.8154248,-11.164384,-2.0309765
40307524,-0.67898804,-14.354549,-5.982759
40307534,-0.32452515,-13.50791,-4.387676
40307544,0.3065625,-11.666141,-5.071454
40307554,-0.92807007,-9.045989,-5.9851537
40307564,2.046544,-8.478369,-4.118236
40307574,3.920647,-11.156001,-1.3795313
40307584,5.1193542,-13.175002,-1.1376343
40307594,5.2403026,-12.8876,-2.330354
40307604,6.1252623,-11.98348,-4.7277684
40307614,6.331234,-10.47821,-3.6404297
40307624,7.9718227,-12.401411,-2.9877868
40307635,6.1695704,-12.436139,-0.61552
40307645,3.3230896,-9.325008,1.4310242
40307655,1.8333875,-4.3134303,1.2130774
40307665,0.26464966,-5.3193383,-0.7831714
40307675,2.809358,-7.021,-0.42391846
40307685,2.3722668,-8.402926,0.5340893
40307695,0.40595582,-7.8664417,-0.9340576
40307705,0.28740233,-6.7216225,-2.3782544
40307715,1.8297949,-5.5827904,-2.6117687
40307725,3.1398706,-6.192323,-1.3495935
40307735,2.5399182,-7.515571,1.2250525
40307745,1.5998731,-6.9898643,1.8824854
40307755,1.8633252,-6.13125,-0.3065625
40307765,2.389032,-7.2952294,-2.3662794
40307775,4.3218126,-10.38241,-6.1156826
40307785,7.8245287,-8.013736,-3.7338355
40307795,7.818541,-6.73719,-2.081272
40307805,3.817661,-6.849756,-1.7938696
40307815,2.410587,-7.9370947,-4.184099
40307825,1.1064991,-11.35359,-4.2020617
40307836,3.8272412,-13.313913,-4.6906457
40307846,5.8654027,-11.842175,-2.906356
40307856,7.203021,-9.186097,-2.0022364
40307866,7.587422,-8.940608,-0.6119275
40307876,6.534811,-9.490265,0.64545774
40307886,4.7086086,-9.72378,1.5399976
40307896,2.523153,-8.818462,1.8980529
40307906,2.3052063,-5.16486,0.58198977
40307916,3.3554223,-4.404441,-2.254911
40307926,3.906277,-6.016289,-1.3986914
40307936,4.1589513,-6.148015,1.6765137
40307946,3.2644117,-5.276228,2.9087512
40307956,2.7315197,-4.7936316,4.7744713
40307966,0.9735754,-5.874983,4.4020457
40307976,0.3544629,-9.141789,1.9447559
40307986,0.32452515,-11.827804,0.81550413
40307996,1.3939013,-11.870914,1.1591895
40308006,1.4238391,-10.147697,3.2524366
40308016,1.83698,-7.732321,3.1961536
40308026,1.111289,-5.52531,3.3949401
40308036,1.1819421,-6.1049047,6.1587925
40308047,0.9412427,-9.371712,7.877219
40308057,1.2789404,-11.73799,6.7695227
40308067,4.2200246,-5.277426,4.6822634
40308077,4.4475513,-4.035608,5.533693
40308087,3.627257,-7.7766285,8.355025
40308097,3.4069152,-9.086704,9.514215
40308107,2.757865,-8.614885,8.070019
40308117,3.1123278,-5.989944,6.900051
40308127,2.386637,-5.5360875,7.401808
40308137,2.6141639,-4.9529004,7.0880604
40308147,3.7733533,-2.9925768,6.387517
40308157,2.8955786,-3.9996827,6.6401916
40308167,2.386637,-5.454657,8.525072
40308177,2.2213807,-4.6080174,9.181308
40308187,1.8776953,-4.550537,9.697434
40308197,1.346001,-5.835465,9.927356
40308207,1.4322217,-5.5600376,9.984837
40308217,1.4813195,-5.498965,9.255553
40308227,0.45505372,-6.253396,9.936936
40308237,2.2872436,-3.8428087,7.7838135
40308247,3.6571949,-3.060835,5.045109
40308258,2.4752526,-4.540957,6.7994604
40308268,3.3398547,-5.5444703,8.358618
40308278,1.9483484,-6.4737377,9.462722
40308288,1.5747254,-6.5192432,9.78126
40308298,1.5986755,-6.253396,9.49266
40308308,1.2885205,-6.9623218,9.541758
40308318,2.3076012,-8.131091,9.662706
40308328,3.1362782,-7.1934414,8.127499
40308338,2.76026,-5.567223,7.2090087
40308348,2.5483007,-4.4176135,7.205416
40308358,2.738705,-4.0954833,7.355105
40308368,2.323169,-4.628375,7.2581067
40308378,1.8992505,-5.1768346,7.7610607
40308404,1.9519409,-5.4163365,8.320298
40308414,2.1567152,-5.2067723,8.849597
40308424,2.7003846,-6.1791506,9.16095
40308434,3.2428565,-7.0641103,8.898695
40308444,3.436853,-7.2509217,7.755073
40308454,3.7482057,-6.749165,6.340814
40308464,3.2811768,-7.355105,5.4881873
40308474,3.5841467,-7.852072,4.907395
40308484,4.4990444,-8.104746,4.9768505
40308494,4.487069,-8.066425,4.667893
40308504,4.7110033,-9.011261,4.3469605
40308514,4.4906616,-8.646021,3.4631982
40308524,5.0989966,-6.795868,3.2009437
40308534,5.400769,-5.7516394,1.5483801
40308544,4.2032595,-7.4413257,0.31374756
40308554,3.6284547,-8.297545,0.5640271
40308564,3.0524523,-8.702304,1.5507752
40308574,2.1016297,-8.837622,2.2513185
40308584,1.900448,-8.278385,2.6057813
40308594,2.15432,-7.8724294,1.0681787
40308605,3.3242872,-7.0784802,-2.186653
40308615,3.9410048,-6.2102857,-2.1171973
40308625,4.24637,-6.065387,-1.409469
40308635,3.5901344,-7.2317615,-1.1783496
40308645,3.2308815,-6.5384035,-0.6251001
40308655,2.6009912,-5.962401,-1.7483642
40308665,2.1040246,-6.461763,-3.06802
40308675,2.2309606,-7.140751,-3.8404138
40308685,2.9913795,-6.5743284,-4.8175817
40308695,4.460724,-6.661747,-5.8510327
40308705,5.139712,-8.065228,-6.2150755
40308715,4.691843,-10.247091,-5.604346
40308725,4.5984373,-10.374027,-4.477489
40308735,4.7110033,-9.2328005,-5.9779687
40308745,5.4091516,-5.2235374,-4.8032117
40308755,6.2007055,-5.981561,-4.8103967
40308765,4.4667115,-6.307284,-1.597478
40308775,3.119513,-6.74677,0.067060545
40308785,3.1913636,-6.622229,0.1963916
40308795,3.3925452,-6.5719337,-0.083825685
40308806,4.108656,-6.9204087,-1.900448
40308816,4.4667115,-6.8401756,-4.366121
40308826,4.599635,-6.4964905,-5.239105
40308836,3.920647,-6.577921,-6.497688
40308846,3.5817518,-6.864126,-7.4712634
40308856,3.3422499,-7.862849,-6.6234264
40308866,3.9433997,-8.926238,-5.6330857
40308876,4.047583,-9.249565,-3.8919067
40308886,3.8200562,-8.649613,-1.648971
40308896,3.2284863,-7.897577,0.0071850587
40308906,2.227368,-7.5467067,0.8310718
40308916,1.3304334,-7.443721,-0.61552
40308926,1.4477893,-6.4426026,-2.0657043
40308936,1.9962487,-6.9311867,-2.4393275
40308946,2.337539,-8.443642,-2.3159838
40308956,2.5411158,-9.077124,-2.3363416
40308966,2.4093897,-8.210127,-2.5099804
40308976,2.081272,-7.652087,-1.7004639
40308986,1.5136523,-8.8484,0.35326537
40309000,1.2298425,-10.215956,1.0298584
40309010,1.3316308,-10.636282,0.8370593
40309020,1.6741186,-10.662627,0.20597167
40309030,2.0405567,-10.199191,0.1580713
40309040,1.7986597,-10.656639,-0.46942383
40309050,1.4621594,-10.899734,-0.33410522
40309060,1.6872913,-9.1130495,-1.4765296
40309070,2.5363257,-7.902367,-3.849994
40309080,1.4334192,-8.481961,-1.5723304
40309090,2.6165588,-10.808723,-0.6430628
40309100,1.1867322,-14.473103,-0.05388794
40309110,1.5675403,-14.107862,1.9746937
40309120,1.5867004,-12.221785,2.3770568
40309130,1.348396,-9.8519125,2.802173
40309140,1.9040406,-7.6868153,2.2141955
40309150,1.6992663,-6.9036436,2.0237916
40309160,1.4034815,-6.861731,2.6393116
40309170,1.3471985,-8.018525,3.3206947
40309181,1.3627661,-8.793314,4.135001
40309191,1.5531702,-8.614885,4.7445335
40309201,1.8705102,-8.828042,4.61161
40309211,1.2813355,-10.43031,5.6953564
40309221,0.84424436,-11.177556,6.09293
40309231,0.9831555,-9.812395,5.7636147
40309241,1.5064673,-7.7814183,4.6714854
40309251,1.2957056,-8.007748,4.0415955
40309261,0.42272094,-7.4976087,4.7601013
40309271,1.0873389,-6.1767554,5.140909
40309281,1.0681787,-5.967191,5.461842
40309291,0.61073,-6.1695704,6.074967
40309301,0.41194335,-6.070177,7.5814342
40309311,0.20956421,-6.516848,8.608898
40309321,-0.05867798,-6.1959157,9.235195
40309331,0.52570677,-5.386399,8.749006
40309341,-0.13771363,-6.14083,8.081993
40309351,-1.0166858,-7.1431456,8.2712
40309361,-0.53648436,-6.43901,7.6951976
40309371,-0.798739,-4.5840673,8.544232
40309382,0.20956421,-2.6668541,9.50224
40309392,-0.9891431,-2.2237756,9.936936
40309402,-1.6477734,-4.30385,9.144184
40309412,-1.5088623,-5.619913,9.486672
40309422,-0.8705896,-4.9552956,8.841214
40309432,-1.1663746,-4.3469605,8.581355
40309442,-1.4597644,-4.7469287,8.693921
40309452,-1.592688,-4.0607557,8.072413
40309462,-1.1460168,-4.2834926,9.406439
40309472,-1.6789087,-4.454736,9.980046
40309482,-2.0573218,-4.052373,9.55014
40309492,-1.6453785,-3.4560132,9.091495
40309502,-1.7004639,-3.0716126,9.762099
40309512,-1.7088464,-3.0955627,9.9010105
40309522,-1.7747095,-3.3206947,10.310559
40309532,-2.2393432,-2.6524842,11.836186
40309542,-2.1758752,-0.78915894,13.670772
40309552,1.4358143,2.9686267,7.411388
40309562,1.4226416,0.674198,2.1746778
40309572,-1.1412268,-5.210365,6.7970653
40309583,-1.1663746,-5.2989807,10.314152
40309593,-1.0118958,-1.9806812,9.590856
40309603,-1.3543836,1.2022998,8.186176
40309613,-2.278861,1.5435901,7.3586974
40309623,-2.5494983,0.28500733,8.2712
40309633,-2.4584875,-0.81789917,9.341774
40309643,-2.4920177,-1.2226574,10.106982
40309653,-2.4896228,-1.2250525,10.5129385
40309663,-2.5494983,-0.81789917,10.409952
40309673,-2.454895,-0.5185217,10.085427
40309683,-2.3195765,-0.27542725,9.934541
40309693,-2.4093897,-0.08861572,9.678274
40309703,-2.501598,0.08981323,9.370514
40309713,-2.5291407,0.43469605,9.205257
40309723,-2.701582,0.7532337,9.071136
40309733,-2.654879,0.43349853,9.086704
40309743,-2.6776319,0.20477417,9.114246
40309753,-2.7075696,0.0071850587,9.307046
40309763,-2.7099645,-0.05508545,9.405242
40309773,-2.6788294,0.05149292,9.56451
40309784,-2.6009912,-0.22632934,9.7393465
40309794,-2.46208,-0.2969824,10.008786
40309804,-2.3387365,-0.16884887,10.04112
40309814,-2.2884412,0.017962646,9.729767
40309824,-2.2884412,0.21435425,9.574091
40309834,-2.264491,0.12813355,9.548943
40309844,-2.215393,0.07783814,9.456735
40309854,-2.1100123,0.027542725,9.546548
40309864,-2.022594,-0.305365,9.672286
40309874,-1.9651135,-0.3796106,9.59325
40309884,-1.8537451,-0.45265868,9.602831
40309894,-1.8142273,-0.23830444,9.480685
40309904,-1.8884729,0.041912843,9.456735
40309914,-1.959126,-0.10538086,9.48787
40309924,-2.032174,-0.17603393,9.547746
40309934,-19.569704,7.252119,5.5121374
40309944,2.809358,-1.4034815,6.878496
40309954,-2.994972,-4.0583606,9.963282
40309964,-1.108894,-2.74589,12.56068
40309974,-1.6753162,-1.5735278,10.76202
40309985,-2.990182,0.9556128,9.121432
40309995,-2.0944445,1.6789087,9.188493
40310005,-2.2405407,0.22393432,9.55972
40310015,-2.027384,-0.44667113,9.989627
40310025,-1.7627344,-0.20237915,9.777667
40310035,-1.9471508,0.38080812,9.269923
40310045,-2.098037,0.5005591,9.183702
40310055,-2.0776794,0.32452515,9.3381815
40310065,-1.8669177,0.068258055,9.624386
